mean_fit_time,std_fit_time,mean_score_time,std_score_time,param_model__n_neighbors,param_model__weights,param_select__percentile,params,split0_test_f1,split1_test_f1,split2_test_f1,mean_test_f1,std_test_f1,rank_test_f1,split0_train_f1,split1_train_f1,split2_train_f1,mean_train_f1,std_train_f1,split0_test_accuracy,split1_test_accuracy,split2_test_accuracy,mean_test_accuracy,std_test_accuracy,rank_test_accuracy,split0_train_accuracy,split1_train_accuracy,split2_train_accuracy,mean_train_accuracy,std_train_accuracy,split0_test_balanced_accuracy,split1_test_balanced_accuracy,split2_test_balanced_accuracy,mean_test_balanced_accuracy,std_test_balanced_accuracy,rank_test_balanced_accuracy,split0_train_balanced_accuracy,split1_train_balanced_accuracy,split2_train_balanced_accuracy,mean_train_balanced_accuracy,std_train_balanced_accuracy
0.10898828506469727,0.02441111353809448,1.3227148056030273,1.7852427621866647,3,uniform,25,"{'model__n_neighbors': 3, 'model__weights': 'uniform', 'select__percentile': 25}",0.9487418983722705,0.8946998946998947,0.9347738728084779,0.926071888626881,0.022904554667195782,2,0.986342909256726,0.9812119155634003,0.9761537063953488,0.9812361770718251,0.004159760025383462,0.95,0.8966666666666666,0.9364548494983278,0.9277071720549982,0.02263481840882192,2,0.986644407345576,0.9816360601001669,0.9766666666666667,0.9816490447041365,0.004073405922472061,0.9474018895348837,0.8950768393852849,0.93265716374269,0.9250452975542861,0.022029269899267054,2,0.9854028716408401,0.9804972212099126,0.9756894419802384,0.9805298449436637,0.0039655581510355505
0.08976626396179199,0.005919188791136241,0.09634828567504883,0.014439031001098345,3,uniform,100,"{'model__n_neighbors': 3, 'model__weights': 'uniform', 'select__percentile': 100}",0.9277448360495922,0.8549456621845644,0.9283521800152903,0.9036808927498156,0.034461903994210945,5,0.9777728301606738,0.970963869507073,0.9624893435635125,0.9704086810770866,0.006251795277411451,0.93,0.86,0.9297658862876255,0.9065886287625418,0.032943273969942496,5,0.9782971619365609,0.9716193656093489,0.9633333333333334,0.9710832869597477,0.006120706759604989,0.9239643895348837,0.8505371957024344,0.9287737573099415,0.9010917808490865,0.03580136928583895,5,0.9761587821694313,0.9702646683673469,0.9615886376785289,0.9693373627384357,0.005984268232541134
0.07032656669616699,0.0018780482241951724,0.052208900451660156,0.023629053013642806,3,distance,25,"{'model__n_neighbors': 3, 'model__weights': 'distance', 'select__percentile': 25}",0.9487418983722705,0.898000815993472,0.9347738728084779,0.9271721957247401,0.021400988779447728,1,1.0,1.0,1.0,1.0,0.0,0.95,0.9,0.9364548494983278,0.9288182831661093,0.021114574097998103,1,1.0,1.0,1.0,1.0,0.0,0.9474018895348837,0.898000815993472,0.93265716374269,0.9260199564236818,0.020706776789376817,1,1.0,1.0,1.0,1.0,0.0
0.07559752464294434,0.0034517423485507363,0.05882676442464193,0.0034014066857348366,3,distance,100,"{'model__n_neighbors': 3, 'model__weights': 'distance', 'select__percentile': 100}",0.9277448360495922,0.8549456621845644,0.9283521800152903,0.9036808927498156,0.034461903994210945,5,1.0,1.0,1.0,1.0,0.0,0.93,0.86,0.9297658862876255,0.9065886287625418,0.032943273969942496,5,1.0,1.0,1.0,1.0,0.0,0.9239643895348837,0.8505371957024344,0.9287737573099415,0.9010917808490865,0.03580136928583895,5,1.0,1.0,1.0,1.0,0.0
0.0650940736134847,0.007707601322836425,0.030211607615152996,0.0032606631622915253,5,uniform,25,"{'model__n_neighbors': 5, 'model__weights': 'uniform', 'select__percentile': 25}",0.9385553684402166,0.8841751453488372,0.903074928220802,0.9086018140032853,0.022541990679714585,4,0.9727131924198251,0.960675007207346,0.9608042513185961,0.9647308169819224,0.005644638413798676,0.94,0.8866666666666667,0.9063545150501672,0.911007060572278,0.02202038065047307,4,0.9732888146911519,0.9616026711185309,0.9616666666666667,0.9655193841587831,0.005493879136853003,0.9376816860465116,0.8834489324085407,0.8984831871345029,0.9065379351965183,0.022861279003971138,4,0.9722563542448859,0.9595367164723032,0.9601309117310071,0.9639746608160653,0.005861063699710316
0.05743559201558431,0.0033562694348466975,0.05531764030456543,0.001068293093308779,5,uniform,100,"{'model__n_neighbors': 5, 'model__weights': 'uniform', 'select__percentile': 100}",0.9275653923541247,0.8258972097126143,0.9066543331213506,0.8867056450626966,0.043837331555444815,10,0.9552718040621266,0.9517146871185426,0.9469467270979575,0.9513110727595423,0.0034106602516158564,0.93,0.8333333333333334,0.9096989966555183,0.8910107766629506,0.04161769083758387,10,0.9565943238731218,0.9532554257095158,0.9483333333333334,0.9527276943053237,0.0033931172001417393,0.9229651162790697,0.8204814361485108,0.9023894371345029,0.881945329854028,0.044265843228892744,10,0.9513504903633923,0.9472940962099126,0.9445667093963767,0.9477370986565604,0.002787126289198584
0.050403436024983726,0.004544232392469,0.026585976282755535,0.004864187602993543,5,distance,25,"{'model__n_neighbors': 5, 'model__weights': 'distance', 'select__percentile': 25}",0.9385553684402166,0.8876927091014282,0.903074928220802,0.909774335254149,0.02129810742299659,3,1.0,1.0,1.0,1.0,0.0,0.94,0.89,0.9063545150501672,0.9121181716833892,0.020815295711555645,3,1.0,1.0,1.0,1.0,0.0,0.9376816860465116,0.8873249014007888,0.8984831871345029,0.907829924860601,0.021594329032630703,3,1.0,1.0,1.0,1.0,0.0
0.05843003590901693,0.0016609266262513902,0.05275710423787435,0.0027061815015583285,5,distance,100,"{'model__n_neighbors': 5, 'model__weights': 'distance', 'select__percentile': 100}",0.9275653923541247,0.8296225037378736,0.9102226533628972,0.8891368498182985,0.04267443177489225,9,1.0,1.0,1.0,1.0,0.0,0.93,0.8366666666666667,0.9130434782608695,0.8932367149758454,0.0405956375460017,8,1.0,1.0,1.0,1.0,0.0,0.9229651162790697,0.8243574051407588,0.9062956871345029,0.884539402851444,0.04309580105871185,9,1.0,1.0,1.0,1.0,0.0
0.049680630366007485,0.002744961972002548,0.026056528091430664,0.003319230703078918,11,uniform,25,"{'model__n_neighbors': 11, 'model__weights': 'uniform', 'select__percentile': 25}",0.9314285714285715,0.8487903225806452,0.8895048041389504,0.8899078993827224,0.033738127862450715,8,0.9415092822350887,0.9379188834381262,0.9333999333999334,0.9376093663577162,0.0033178542513555968,0.9333333333333333,0.8533333333333334,0.8929765886287625,0.8932144184318097,0.032660296204631616,9,0.9432387312186978,0.9398998330550918,0.935,0.9393795214245966,0.0033835106194708316,0.9288699127906976,0.845641234870121,0.8858050073099415,0.8867720516569201,0.03398484552638659,8,0.9377204359797029,0.9336506924198251,0.9319293031275879,0.9344334771757054,0.0024281500376816525
0.05358560880025228,0.006083417177359888,0.04708345731099447,0.00583461668510583,11,uniform,100,"{'model__n_neighbors': 11, 'model__weights': 'uniform', 'select__percentile': 100}",0.9128221222582558,0.7973333333333333,0.8856198921926621,0.8652584492614172,0.04929743982884631,12,0.9076899368161504,0.9005809128630705,0.9225364437342025,0.9102690978044746,0.009146962611019289,0.9166666666666666,0.81,0.8896321070234113,0.8720995912300259,0.04527682466029333,12,0.9115191986644408,0.9048414023372288,0.925,0.9137868670005566,0.008384469957182285,0.9053415697674418,0.7904936760505916,0.8809164839181287,0.8589172432453873,0.04939962628355352,12,0.9007554554349557,0.8936258655247813,0.9183049539993875,0.9042287583197082,0.010370221041722702
0.046616713205973305,0.0010661911332814765,0.02186274528503418,0.0026428181104461265,11,distance,25,"{'model__n_neighbors': 11, 'model__weights': 'distance', 'select__percentile': 25}",0.9314285714285715,0.852048950006308,0.8895048041389504,0.8909941085246099,0.03242370115569091,7,1.0,1.0,1.0,1.0,0.0,0.9333333333333333,0.8566666666666667,0.8929765886287625,0.8943255295429209,0.03131356655548158,7,1.0,1.0,1.0,1.0,0.0,0.9288699127906976,0.8485652114783082,0.8858050073099415,0.8877467105263158,0.03281299459821143,7,1.0,1.0,1.0,1.0,0.0
0.05561399459838867,0.0017753909677765362,0.054308573404947914,0.006908705270886722,11,distance,100,"{'model__n_neighbors': 11, 'model__weights': 'distance', 'select__percentile': 100}",0.9164306606620549,0.7973333333333333,0.8856198921926621,0.8664612953960168,0.05047330791367839,11,1.0,1.0,1.0,1.0,0.0,0.92,0.81,0.8896321070234113,0.8732107023411371,0.04638424228696827,11,1.0,1.0,1.0,1.0,0.0,0.9092478197674418,0.7904936760505916,0.8809164839181287,0.8602193265787207,0.05064198458413557,11,1.0,1.0,1.0,1.0,0.0
