trial,epoch,train_loss,train_acc,val_loss,val_acc,val_macro_f1,lr
1,1,0.8621075403113198,0.6861435726210351,0.5002424522240957,0.78,0.7798434442270059,0.0003
1,2,0.42963872633513706,0.8096828046744574,0.3265101267894109,0.8533333333333334,0.8529149581030486,0.0003
1,3,0.28479117349113564,0.8714524207011686,0.7103201288357377,0.6233333333333333,0.6022947242459438,0.0003
1,4,0.25581269672697093,0.8848080133555927,0.28261542161305747,0.8766666666666667,0.8732862247285929,0.0003
1,5,0.19845522022207512,0.9181969949916527,0.38750047037998836,0.81,0.8097442116623461,0.0003
1,6,0.1570314189826507,0.9415692821368948,0.2046495799223582,0.9333333333333333,0.9325660852364683,0.0003
1,7,0.17485003929603876,0.9282136894824707,0.3777405864621202,0.82,0.8198719089130049,0.0003
1,8,0.12511132085363136,0.9515859766277128,0.2743320202579101,0.8966666666666666,0.8908950128462323,0.0003
1,9,0.16074703779936036,0.9398998330550918,0.16155853333572548,0.9366666666666666,0.9357927344410025,0.0003
1,10,0.15846153087478648,0.9415692821368948,0.1669227149585883,0.94,0.9384236453201971,0.0003
1,11,0.13471108704855128,0.9449081803005008,0.12591027488311132,0.9533333333333334,0.9523074127906976,0.0003
1,12,0.13653651364956157,0.9482470784641068,0.14139171108603477,0.9566666666666667,0.9556692242114238,0.0003
1,13,0.10889702039041582,0.9649415692821369,0.1427004288136959,0.9533333333333334,0.9526515151515151,0.0003
1,14,0.11284809129216238,0.9599332220367279,0.11035655423998833,0.9733333333333334,0.9728002175982592,0.0003
1,15,0.07220348406066879,0.9699499165275459,0.10627244447668394,0.9666666666666667,0.9660633484162896,0.0003
1,16,0.07088449764032793,0.9749582637729549,0.0954591117054224,0.9766666666666667,0.976265554538365,0.0003
