path,label,split_group,split
Amravati_Region_Basil_Plant_Healthy/Good.jpeg,Healthy,group-00000,development
Amravati_Region_Basil_Plant_Healthy/WhatsApp Image 2019-09-04 at 21.00.49 (1).jpeg,Healthy,group-00001,test
Amravati_Region_Basil_Plant_Healthy/WhatsApp Image 2019-09-04 at 21.00.49.jpeg,Healthy,group-00002,development
Amravati_Region_Basil_Plant_Healthy/WhatsApp Image 2019-09-04 at 21.00.50 (1).jpeg,Healthy,group-00003,development
Amravati_Region_Basil_Plant_Healthy/WhatsApp Image 2019-09-04 at 21.00.50.jpeg,Healthy,group-00004,development
Amravati_Region_Basil_Plant_Healthy/WhatsApp Image 2019-09-04 at 21.00.51 (1).jpeg,Healthy,group-00005,development
Amravati_Region_Basil_Plant_Healthy/WhatsApp Image 2019-09-04 at 21.00.51.jpeg,Healthy,group-00006,development
Amravati_Region_Basil_Plant_Healthy/WhatsApp Image 2019-09-04 at 21.00.52.jpeg,Healthy,group-00007,test
Amravati_Region_Basil_Plant_Healthy/WhatsApp Image 2019-09-08 at 10.53.01.jpeg,Healthy,group-00008,development
Amravati_Region_Basil_Plant_Healthy/WhatsApp Image 2019-09-08 at 10.53.02 (1).jpeg,Healthy,group-00009,development
Amravati_Region_Basil_Plant_Healthy/WhatsApp Image 2019-09-08 at 10.53.03.jpeg,Healthy,group-00011,development
Amravati_Region_Basil_Plant_Healthy/WhatsApp Image 2019-09-08 at 10.53.04.jpeg,Healthy,group-00012,development
Amravati_Region_Basil_Plant_Healthy/WhatsApp Image 2019-09-08 at 10.53.05 (1).jpeg,Healthy,group-00013,development
Amravati_Region_Basil_Plant_Healthy/WhatsApp Image 2019-09-08 at 10.53.05.jpeg,Healthy,group-00014,development
Amravati_Region_Basil_Plant_Healthy/WhatsApp Image 2019-09-08 at 10.53.06 (1).jpeg,Healthy,group-00015,development
Amravati_Region_Basil_Plant_Healthy/WhatsApp Image 2019-09-08 at 10.53.06 (2).jpeg,Healthy,group-00016,development
Amravati_Region_Basil_Plant_Healthy/WhatsApp Image 2019-09-08 at 10.53.06.jpeg,Healthy,group-00017,test
Amravati_Region_Basil_Plant_Healthy/WhatsApp Image 2019-09-08 at 10.53.07.jpeg,Healthy,group-00018,development
Amravati_Region_Basil_Plant_Healthy/WhatsApp Image 2019-09-08 at 10.53.08 (1).jpeg,Healthy,group-00019,development
Amravati_Region_Basil_Plant_Healthy/WhatsApp Image 2019-09-08 at 10.53.08.jpeg,Healthy,group-00020,development
Amravati_Region_Basil_Plant_Healthy/WhatsApp Image 2019-09-08 at 17.49.46.jpeg,Healthy,group-00021,test
Amravati_Region_Basil_Plant_Healthy/WhatsApp Image 2019-09-08 at 17.49.52.jpeg,Healthy,group-00022,development
Amravati_Region_Basil_Plant_Healthy/WhatsApp Image 2019-09-08 at 17.51.25.jpeg,Healthy,group-00023,development
Amravati_Region_Basil_Plant_Healthy/WhatsApp Image 2019-09-08 at 17.51.43.jpeg,Healthy,group-00024,development
Amravati_Region_Basil_Plant_Healthy/WhatsApp Image 2019-09-08 at 17.51.57.jpeg,Healthy,group-00025,development
Amravati_Region_Basil_Plant_Healthy/WhatsApp Image 2019-09-08 at 17.52.07.jpeg,Healthy,group-00026,development
Amravati_Region_Basil_Plant_Healthy/WhatsApp Image 2019-09-08 at 17.52.26.jpeg,Healthy,group-00027,development
Amravati_Region_Basil_Plant_Healthy/WhatsApp Image 2019-09-08 at 17.52.47.jpeg,Healthy,group-00028,development
Amravati_Region_Basil_Plant_Healthy/WhatsApp Image 2019-09-08 at 17.52.50.jpeg,Healthy,group-00029,development
Amravati_Region_Basil_Plant_Healthy/WhatsApp Image 2019-09-08 at 17.54.07.jpeg,Healthy,group-00030,development
Nagpur_Region_Basil_Plant_Healthy/IMG-20191027-WA0053.jpg,Healthy,group-00031,development
Nagpur_Region_Basil_Plant_Healthy/IMG-20191027-WA0054.jpg,Healthy,group-00032,test
Nagpur_Region_Basil_Plant_Healthy/IMG-20191027-WA0055.jpg,Healthy,group-00033,test
Nagpur_Region_Basil_Plant_Healthy/IMG-20191027-WA0056.jpg,Healthy,group-00034,development
Nagpur_Region_Basil_Plant_Healthy/IMG-20191027-WA0057.jpg,Healthy,group-00035,development
Nagpur_Region_Basil_Plant_Healthy/IMG-20191027-WA0058.jpg,Healthy,group-00036,development
Nagpur_Region_Basil_Plant_Healthy/IMG-20191027-WA0059.jpg,Healthy,group-00037,test
Nagpur_Region_Basil_Plant_Healthy/IMG-20191027-WA0060.jpg,Healthy,group-00038,development
Nagpur_Region_Basil_Plant_Healthy/IMG-20191027-WA0061.jpg,Healthy,group-00039,development
Nagpur_Region_Basil_Plant_Healthy/IMG-20191027-WA0062.jpg,Healthy,group-00040,development
Nagpur_Region_Basil_Plant_Healthy/IMG-20191027-WA0063.jpg,Healthy,group-00041,test
Nagpur_Region_Basil_Plant_Healthy/IMG-20191027-WA0064.jpg,Healthy,group-00042,test
Nagpur_Region_Basil_Plant_Healthy/IMG-20191027-WA0065.jpg,Healthy,group-00043,test
Nagpur_Region_Basil_Plant_Healthy/IMG-20191027-WA0066.jpg,Healthy,group-00044,test
Nagpur_Region_Basil_Plant_Healthy/IMG_20190920_181002.jpg,Healthy,group-00045,development
Nagpur_Region_Basil_Plant_Healthy/IMG_20190920_181007.jpg,Healthy,group-00046,development
Nagpur_Region_Basil_Plant_Healthy/IMG_20190920_181010.jpg,Healthy,group-00047,development
Nagpur_Region_Basil_Plant_Healthy/IMG_20190920_181021.jpg,Healthy,group-00048,development
Nagpur_Region_Basil_Plant_Healthy/IMG_20190920_181027.jpg,Healthy,group-00049,development
Nagpur_Region_Basil_Plant_Healthy/IMG_20190920_181030.jpg,Healthy,group-00050,development
Nagpur_Region_Basil_Plant_Healthy/IMG_20190920_181035.jpg,Healthy,group-00051,development
Nagpur_Region_Basil_Plant_Healthy/IMG_20190920_181039.jpg,Healthy,group-00052,development
Nagpur_Region_Basil_Plant_Healthy/IMG_20190920_181050.jpg,Healthy,group-00053,test
Nagpur_Region_Basil_Plant_Healthy/IMG_20190920_181057.jpg,Healthy,group-00054,development
Nagpur_Region_Basil_Plant_Healthy/IMG_20190920_181101.jpg,Healthy,group-00055,development
Nagpur_Region_Basil_Plant_Healthy/IMG_20190920_181104.jpg,Healthy,group-00056,development
Nagpur_Region_Basil_Plant_Healthy/IMG_20190920_181118.jpg,Healthy,group-00057,development
Nagpur_Region_Basil_Plant_Healthy/IMG_20190920_181128.jpg,Healthy,group-00058,development
Nagpur_Region_Basil_Plant_Healthy/IMG_20190920_181133.jpg,Healthy,group-00059,test
Nagpur_Region_Basil_Plant_Healthy/IMG_20190920_181145.jpg,Healthy,group-00060,development
Nagpur_Region_Basil_Plant_Healthy/IMG_20190920_181208.jpg,Healthy,group-00061,test
Nagpur_Region_Basil_Plant_Healthy/IMG_20190920_181213.jpg,Healthy,group-00062,development
Nagpur_Region_Basil_Plant_Healthy/IMG_20190920_181225.jpg,Healthy,group-00063,development
Nagpur_Region_Basil_Plant_Healthy/IMG_20190920_181231.jpg,Healthy,group-00064,test
Nagpur_Region_Basil_Plant_Healthy/IMG_20190920_181236.jpg,Healthy,group-00065,development
Nagpur_Region_Basil_Plant_Healthy/IMG_20190920_181240.jpg,Healthy,group-00066,development
Nagpur_Region_Basil_Plant_Healthy/IMG_20190920_181250.jpg,Healthy,group-00067,development
Nagpur_Region_Basil_Plant_Healthy/IMG_20190920_181255.jpg,Healthy,group-00068,development
Nagpur_Region_Basil_Plant_Healthy/IMG_20190920_181315.jpg,Healthy,group-00069,test
Nagpur_Region_Basil_Plant_Healthy/IMG_20190920_181319.jpg,Healthy,group-00070,development
Nagpur_Region_Basil_Plant_Healthy/IMG_20190920_181538.jpg,Healthy,group-00071,development
Nagpur_Region_Basil_Plant_Healthy/IMG_20190920_181542.jpg,Healthy,group-00072,development
Nagpur_Region_Basil_Plant_Healthy/IMG_20190920_181549.jpg,Healthy,group-00073,test
Nagpur_Region_Basil_Plant_Healthy/IMG_20190920_181603.jpg,Healthy,group-00074,development
Nagpur_Region_Basil_Plant_Healthy/IMG_20190920_181607.jpg,Healthy,group-00075,development
Nagpur_Region_Basil_Plant_Healthy/IMG_20190920_181617.jpg,Healthy,group-00076,development
Nagpur_Region_Basil_Plant_Healthy/IMG_20190920_181621.jpg,Healthy,group-00077,development
Nagpur_Region_Basil_Plant_Healthy/IMG_20190920_181626.jpg,Healthy,group-00078,test
Nagpur_Region_Basil_Plant_Healthy/IMG_20190920_181631.jpg,Healthy,group-00079,development
Nagpur_Region_Basil_Plant_Healthy/IMG_20190920_181646.jpg,Healthy,group-00080,development
Nagpur_Region_Basil_Plant_Healthy/IMG_20190920_181649.jpg,Healthy,group-00081,development
Nagpur_Region_Basil_Plant_Healthy/IMG_20190920_181657.jpg,Healthy,group-00082,development
Nagpur_Region_Basil_Plant_Healthy/IMG_20190920_181703.jpg,Healthy,group-00083,development
Nagpur_Region_Basil_Plant_Healthy/IMG_20190920_181712.jpg,Healthy,group-00084,test
Nagpur_Region_Basil_Plant_Healthy/IMG_20190920_181717.jpg,Healthy,group-00085,development
Nagpur_Region_Basil_Plant_Healthy/IMG_20190920_181730.jpg,Healthy,group-00086,test
Nagpur_Region_Basil_Plant_Healthy/IMG_20190920_181758.jpg,Healthy,group-00087,test
Nagpur_Region_Basil_Plant_Healthy/IMG_20190920_181804.jpg,Healthy,group-00088,development
Nagpur_Region_Basil_Plant_Healthy/IMG_20190920_181808.jpg,Healthy,group-00089,development
Nagpur_Region_Basil_Plant_Healthy/IMG_20190920_181815.jpg,Healthy,group-00090,development
Nagpur_Region_Basil_Plant_Healthy/IMG_20190920_181939.jpg,Healthy,group-00091,development
Nagpur_Region_Basil_Plant_Healthy/IMG_20190920_181944.jpg,Healthy,group-00092,development
Nagpur_Region_Basil_Plant_Healthy/IMG_20190920_181949.jpg,Healthy,group-00093,test
Nagpur_Region_Basil_Plant_Healthy/IMG_20190920_181954.jpg,Healthy,group-00094,development
Nagpur_Region_Basil_Plant_Healthy/IMG_20190920_182000.jpg,Healthy,group-00095,test
Nagpur_Region_Basil_Plant_Healthy/IMG_20190920_182004.jpg,Healthy,group-00096,test
Nagpur_Region_Basil_Plant_Healthy/IMG_20190920_182012.jpg,Healthy,group-00097,test
Nagpur_Region_Basil_Plant_Healthy/IMG_20190920_182022.jpg,Healthy,group-00098,development
Nagpur_Region_Basil_Plant_Healthy/IMG_20190920_182027.jpg,Healthy,group-00099,development
Nagpur_Region_Basil_Plant_Healthy/IMG_20190920_182032.jpg,Healthy,group-00100,development
Nagpur_Region_Basil_Plant_Healthy/IMG_20190920_182035.jpg,Healthy,group-00101,development
Nagpur_Region_Basil_Plant_Healthy/IMG_20190920_182038.jpg,Healthy,group-00102,development
Nagpur_Region_Basil_Plant_Healthy/IMG_20190920_182045.jpg,Healthy,group-00103,test
Nagpur_Region_Basil_Plant_Healthy/IMG_20190920_182055.jpg,Healthy,group-00104,development
Nagpur_Region_Basil_Plant_Healthy/IMG_20190920_182100.jpg,Healthy,group-00105,development
Nagpur_Region_Basil_Plant_Healthy/IMG_20190920_182108.jpg,Healthy,group-00106,development
Nagpur_Region_Basil_Plant_Healthy/IMG_20190920_182116.jpg,Healthy,group-00107,development
Nagpur_Region_Basil_Plant_Healthy/IMG_20190920_182123.jpg,Healthy,group-00108,development
Nagpur_Region_Basil_Plant_Healthy/IMG_20190920_182128.jpg,Healthy,group-00110,development
Nagpur_Region_Basil_Plant_Healthy/IMG_20190920_182130.jpg,Healthy,group-00110,development
Nagpur_Region_Basil_Plant_Healthy/IMG_20190920_182142.jpg,Healthy,group-00111,test
Nagpur_Region_Basil_Plant_Healthy/IMG_20190920_182145.jpg,Healthy,group-00112,development
Nagpur_Region_Basil_Plant_Healthy/IMG_20190920_182201.jpg,Healthy,group-00113,development
Nagpur_Region_Basil_Plant_Healthy/IMG_20190920_182215.jpg,Healthy,group-00114,development
Nagpur_Region_Basil_Plant_Healthy/IMG_20190920_182219.jpg,Healthy,group-00115,development
Nagpur_Region_Basil_Plant_Healthy/IMG_20190920_182224.jpg,Healthy,group-00116,development
Nagpur_Region_Basil_Plant_Healthy/IMG_20190920_182228.jpg,Healthy,group-00117,development
Nagpur_Region_Basil_Plant_Healthy/IMG_20190923_181557.jpg,Healthy,group-00118,development
Nagpur_Region_Basil_Plant_Healthy/IMG_20190923_181612.jpg,Healthy,group-00119,development
Nagpur_Region_Basil_Plant_Healthy/IMG_20190923_181621.jpg,Healthy,group-00120,development
Nagpur_Region_Basil_Plant_Healthy/IMG_20190923_181627.jpg,Healthy,group-00121,development
Nagpur_Region_Basil_Plant_Healthy/IMG_20190923_181631.jpg,Healthy,group-00122,development
Nagpur_Region_Basil_Plant_Healthy/IMG_20190923_181637.jpg,Healthy,group-00123,development
Nagpur_Region_Basil_Plant_Healthy/IMG_20190923_181655.jpg,Healthy,group-00124,development
Nagpur_Region_Basil_Plant_Healthy/IMG_20190923_181701.jpg,Healthy,group-00125,development
Nagpur_Region_Basil_Plant_Healthy/IMG_20190923_181707.jpg,Healthy,group-00126,development
Nagpur_Region_Basil_Plant_Healthy/IMG_20190923_181716.jpg,Healthy,group-00127,development
Nagpur_Region_Basil_Plant_Healthy/IMG_20190923_181724.jpg,Healthy,group-00128,test
Nagpur_Region_Basil_Plant_Healthy/IMG_20190923_181730.jpg,Healthy,group-00129,test
Nagpur_Region_Basil_Plant_Healthy/IMG_20190923_181736.jpg,Healthy,group-00130,development
Nagpur_Region_Basil_Plant_Healthy/IMG_20190923_181742.jpg,Healthy,group-00131,test
Nagpur_Region_Basil_Plant_Healthy/IMG_20190923_181751.jpg,Healthy,group-00132,test
Nagpur_Region_Basil_Plant_Healthy/IMG_20190923_181754.jpg,Healthy,group-00133,development
Nagpur_Region_Basil_Plant_Healthy/IMG_20190923_181800.jpg,Healthy,group-00134,development
Nagpur_Region_Basil_Plant_Healthy/IMG_20191022_165053.jpg,Healthy,group-00136,test
Nagpur_Region_Basil_Plant_Healthy/IMG_20191022_165056.jpg,Healthy,group-00136,test
Nagpur_Region_Basil_Plant_Healthy/IMG_20191022_165059.jpg,Healthy,group-00137,development
Nagpur_Region_Basil_Plant_Healthy/IMG_20191022_165103.jpg,Healthy,group-00138,test
Nagpur_Region_Basil_Plant_Healthy/IMG_20191022_165109.jpg,Healthy,group-00139,development
Nagpur_Region_Basil_Plant_Healthy/IMG_20191022_165113.jpg,Healthy,group-00140,test
Nagpur_Region_Basil_Plant_Healthy/IMG_20191022_165119.jpg,Healthy,group-00141,development
Nagpur_Region_Basil_Plant_Healthy/IMG_20191022_165124.jpg,Healthy,group-00142,test
Nagpur_Region_Basil_Plant_Healthy/IMG_20191022_165130.jpg,Healthy,group-00143,development
Nagpur_Region_Basil_Plant_Healthy/IMG_20191022_165135.jpg,Healthy,group-00144,development
Nagpur_Region_Basil_Plant_Healthy/IMG_20191022_165143.jpg,Healthy,group-00145,test
Nagpur_Region_Basil_Plant_Healthy/IMG_20191022_165146.jpg,Healthy,group-00146,development
Nagpur_Region_Basil_Plant_Healthy/IMG_20191022_165151.jpg,Healthy,group-00147,development
Nagpur_Region_Basil_Plant_Healthy/IMG_20191022_165155.jpg,Healthy,group-00148,development
Nagpur_Region_Basil_Plant_Healthy/IMG_20191022_165201.jpg,Healthy,group-00149,development
Nagpur_Region_Basil_Plant_Healthy/IMG_20191022_165208.jpg,Healthy,group-00150,development
Nagpur_Region_Basil_Plant_Healthy/IMG_20191022_165213.jpg,Healthy,group-00151,development
Nagpur_Region_Basil_Plant_Healthy/IMG_20191022_165225.jpg,Healthy,group-00152,development
Nagpur_Region_Basil_Plant_Healthy/IMG_20191022_165232.jpg,Healthy,group-00153,development
Nagpur_Region_Basil_Plant_Healthy/IMG_20191022_165237.jpg,Healthy,group-00154,development
Nagpur_Region_Basil_Plant_Healthy/IMG_20191022_165246.jpg,Healthy,group-00157,development
Nagpur_Region_Basil_Plant_Healthy/IMG_20191022_165250.jpg,Healthy,group-00157,development
Nagpur_Region_Basil_Plant_Healthy/IMG_20191022_165252.jpg,Healthy,group-00157,development
Nagpur_Region_Basil_Plant_Healthy/IMG_20191022_165257.jpg,Healthy,group-00158,development
Nagpur_Region_Basil_Plant_Healthy/IMG_20191022_165302.jpg,Healthy,group-00159,development
Nagpur_Region_Basil_Plant_Healthy/IMG_20191022_165308.jpg,Healthy,group-00160,test
Nagpur_Region_Basil_Plant_Healthy/IMG_20191022_165321.jpg,Healthy,group-00161,development
Nagpur_Region_Basil_Plant_Healthy/IMG_20191022_165347.jpg,Healthy,group-00162,test
Nagpur_Region_Basil_Plant_Healthy/IMG_20191022_165349.jpg,Healthy,group-00163,development
Nagpur_Region_Basil_Plant_Healthy/IMG_20191022_165353.jpg,Healthy,group-00164,development
Nagpur_Region_Basil_Plant_Healthy/IMG_20191022_165357.jpg,Healthy,group-00165,development
Nagpur_Region_Basil_Plant_Healthy/IMG_20191022_165403.jpg,Healthy,group-00166,development
Nagpur_Region_Basil_Plant_Healthy/IMG_20191022_165410.jpg,Healthy,group-00167,development
Nagpur_Region_Basil_Plant_Healthy/IMG_20191022_165413.jpg,Healthy,group-00168,test
Nagpur_Region_Basil_Plant_Healthy/IMG_20191022_165418.jpg,Healthy,group-00169,development
Nagpur_Region_Basil_Plant_Healthy/IMG_20191104_104311.jpg,Healthy,group-00170,development
Nagpur_Region_Basil_Plant_Healthy/IMG_20191104_104317.jpg,Healthy,group-00171,development
Nagpur_Region_Basil_Plant_Healthy/IMG_20191104_104319.jpg,Healthy,group-00172,development
Nagpur_Region_Basil_Plant_Healthy/IMG_20191104_104326.jpg,Healthy,group-00173,development
Nagpur_Region_Basil_Plant_Healthy/IMG_20191104_104334.jpg,Healthy,group-00174,development
Nagpur_Region_Basil_Plant_Healthy/IMG_20191104_104336.jpg,Healthy,group-00175,development
Nagpur_Region_Basil_Plant_Healthy/IMG_20191104_104339.jpg,Healthy,group-00176,development
Nagpur_Region_Basil_Plant_Healthy/IMG_20191104_104347.jpg,Healthy,group-00177,development
Nagpur_Region_Basil_Plant_Healthy/IMG_20191104_104350.jpg,Healthy,group-00178,development
Nagpur_Region_Basil_Plant_Healthy/IMG_20191104_104357.jpg,Healthy,group-00179,development
Nagpur_Region_Basil_Plant_Healthy/IMG_20191104_104359.jpg,Healthy,group-00180,development
Nagpur_Region_Basil_Plant_Healthy/IMG_20191104_104408.jpg,Healthy,group-00181,development
Nagpur_Region_Basil_Plant_Healthy/IMG_20191104_104410.jpg,Healthy,group-00183,test
Nagpur_Region_Basil_Plant_Healthy/IMG_20191104_104411.jpg,Healthy,group-00183,test
Nagpur_Region_Basil_Plant_Healthy/IMG_20191104_104414.jpg,Healthy,group-00184,development
Nagpur_Region_Basil_Plant_Healthy/IMG_20191104_104415.jpg,Healthy,group-00188,test
Nagpur_Region_Basil_Plant_Healthy/IMG_20191104_104416.jpg,Healthy,group-00188,test
Nagpur_Region_Basil_Plant_Healthy/IMG_20191104_104416_1.jpg,Healthy,group-00188,test
Nagpur_Region_Basil_Plant_Healthy/IMG_20191104_104417.jpg,Healthy,group-00188,test
Nagpur_Region_Basil_Plant_Healthy/IMG_20191104_104425.jpg,Healthy,group-00189,development
Nagpur_Region_Basil_Plant_Healthy/IMG_20191104_104426.jpg,Healthy,group-00192,development
Nagpur_Region_Basil_Plant_Healthy/IMG_20191104_104426_1.jpg,Healthy,group-00192,development
Nagpur_Region_Basil_Plant_Healthy/IMG_20191104_104428.jpg,Healthy,group-00192,development
Nagpur_Region_Basil_Plant_Healthy/IMG_20191104_104446.jpg,Healthy,group-00194,development
Nagpur_Region_Basil_Plant_Healthy/IMG_20191104_104447.jpg,Healthy,group-00194,development
Nagpur_Region_Basil_Plant_Healthy/IMG_20191104_104448.jpg,Healthy,group-00195,test
Nagpur_Region_Basil_Plant_Healthy/IMG_20191104_104455.jpg,Healthy,group-00197,development
Nagpur_Region_Basil_Plant_Healthy/IMG_20191104_104457.jpg,Healthy,group-00197,development
Nagpur_Region_Basil_Plant_Healthy/IMG_20191104_104458.jpg,Healthy,group-00198,development
Nagpur_Region_Basil_Plant_Healthy/IMG_20191104_104503.jpg,Healthy,group-00199,test
Nagpur_Region_Basil_Plant_Healthy/IMG_20191104_104505.jpg,Healthy,group-00200,development
Nagpur_Region_Basil_Plant_Healthy/IMG_20191104_104522.jpg,Healthy,group-00201,development
Nagpur_Region_Basil_Plant_Healthy/IMG_20191104_104525.jpg,Healthy,group-00204,development
Nagpur_Region_Basil_Plant_Healthy/IMG_20191104_104526.jpg,Healthy,group-00204,development
Nagpur_Region_Basil_Plant_Healthy/IMG_20191104_104527.jpg,Healthy,group-00204,development
Nagpur_Region_Basil_Plant_Healthy/IMG_20191104_104534.jpg,Healthy,group-00206,development
Nagpur_Region_Basil_Plant_Healthy/IMG_20191104_104535.jpg,Healthy,group-00206,development
Nagpur_Region_Basil_Plant_Healthy/IMG_20191104_104536.jpg,Healthy,group-00207,development
Nagpur_Region_Basil_Plant_Healthy/IMG_20191104_104539.jpg,Healthy,group-00209,development
Nagpur_Region_Basil_Plant_Healthy/IMG_20191104_104540.jpg,Healthy,group-00209,development
Nagpur_Region_Basil_Plant_Healthy/IMG_20191104_104543.jpg,Healthy,group-00210,development
Nagpur_Region_Basil_Plant_Healthy/IMG_20191104_104547.jpg,Healthy,group-00211,development
Nagpur_Region_Basil_Plant_Healthy/IMG_20191104_104559.jpg,Healthy,group-00213,development
Nagpur_Region_Basil_Plant_Healthy/IMG_20191104_104601.jpg,Healthy,group-00213,development
Nagpur_Region_Basil_Plant_Healthy/IMG_20191104_104602.jpg,Healthy,group-00214,test
Nagpur_Region_Basil_Plant_Healthy/IMG_20191104_104607.jpg,Healthy,group-00215,development
Nagpur_Region_Basil_Plant_Healthy/IMG_20191104_104608.jpg,Healthy,group-00216,test
Nagpur_Region_Basil_Plant_Healthy/IMG_20191104_104613.jpg,Healthy,group-00217,test
Nagpur_Region_Basil_Plant_Healthy/IMG_20191104_104616.jpg,Healthy,group-00218,development
Nagpur_Region_Basil_Plant_Healthy/IMG_20191104_104623.jpg,Healthy,group-00219,development
Nagpur_Region_Basil_Plant_Healthy/IMG_20191104_104626.jpg,Healthy,group-00222,development
Nagpur_Region_Basil_Plant_Healthy/IMG_20191104_104627.jpg,Healthy,group-00222,development
Nagpur_Region_Basil_Plant_Healthy/IMG_20191104_104628.jpg,Healthy,group-00222,development
Nagpur_Region_Basil_Plant_Healthy/IMG_20191104_104629.jpg,Healthy,group-00223,development
Nagpur_Region_Basil_Plant_Healthy/IMG_20191104_104631.jpg,Healthy,group-00226,development
Nagpur_Region_Basil_Plant_Healthy/IMG_20191104_104632.jpg,Healthy,group-00226,development
Nagpur_Region_Basil_Plant_Healthy/IMG_20191104_104632_1.jpg,Healthy,group-00226,development
Nagpur_Region_Basil_Plant_Healthy/IMG_20191104_104650.jpg,Healthy,group-00228,development
Nagpur_Region_Basil_Plant_Healthy/IMG_20191104_104651.jpg,Healthy,group-00228,development
Nagpur_Region_Basil_Plant_Healthy/IMG_20191104_104652.jpg,Healthy,group-00230,development
Nagpur_Region_Basil_Plant_Healthy/IMG_20191104_104653.jpg,Healthy,group-00230,development
Nagpur_Region_Basil_Plant_Healthy/IMG_20191104_104654.jpg,Healthy,group-00232,development
Nagpur_Region_Basil_Plant_Healthy/IMG_20191104_104655.jpg,Healthy,group-00232,development
Nagpur_Region_Basil_Plant_Healthy/IMG_20191104_104714.jpg,Healthy,group-00237,development
Nagpur_Region_Basil_Plant_Healthy/IMG_20191104_104715.jpg,Healthy,group-00237,development
Nagpur_Region_Basil_Plant_Healthy/IMG_20191104_104717.jpg,Healthy,group-00237,development
Nagpur_Region_Basil_Plant_Healthy/IMG_20191104_104718.jpg,Healthy,group-00237,development
Nagpur_Region_Basil_Plant_Healthy/IMG_20191104_104719.jpg,Healthy,group-00237,development
Nagpur_Region_Basil_Plant_Healthy/IMG_20191104_104721.jpg,Healthy,group-00238,test
Nagpur_Region_Basil_Plant_Healthy/IMG_20191104_104724.jpg,Healthy,group-00240,development
Nagpur_Region_Basil_Plant_Healthy/IMG_20191104_104725.jpg,Healthy,group-00240,development
Nagpur_Region_Basil_Plant_Healthy/IMG_20191104_104726.jpg,Healthy,group-00241,development
Nagpur_Region_Basil_Plant_Healthy/IMG_20191104_104729.jpg,Healthy,group-00242,development
Nagpur_Region_Basil_Plant_Healthy/IMG_20191104_104730.jpg,Healthy,group-00243,development
Nagpur_Region_Basil_Plant_Healthy/IMG_20191104_104732.jpg,Healthy,group-00244,development
Nagpur_Region_Basil_Plant_Healthy/IMG_20191104_104735.jpg,Healthy,group-00248,development
Nagpur_Region_Basil_Plant_Healthy/IMG_20191104_104736.jpg,Healthy,group-00248,development
Nagpur_Region_Basil_Plant_Healthy/IMG_20191104_104737.jpg,Healthy,group-00248,development
Nagpur_Region_Basil_Plant_Healthy/IMG_20191104_104739.jpg,Healthy,group-00248,development
Nagpur_Region_Basil_Plant_Healthy/IMG_20191104_104742.jpg,Healthy,group-00249,development
Nagpur_Region_Basil_Plant_Healthy/IMG_20191104_104743.jpg,Healthy,group-00250,test
Nagpur_Region_Basil_Plant_Healthy/IMG_20191104_104746.jpg,Healthy,group-00251,test
Nagpur_Region_Basil_Plant_Healthy/IMG_20191104_104748.jpg,Healthy,group-00252,development
Nagpur_Region_Basil_Plant_Healthy/IMG_20191104_104756.jpg,Healthy,group-00253,development
Nagpur_Region_Basil_Plant_Healthy/IMG_20191104_104757.jpg,Healthy,group-00255,development
Nagpur_Region_Basil_Plant_Healthy/IMG_20191104_104758.jpg,Healthy,group-00255,development
Nagpur_Region_Basil_Plant_Healthy/IMG_20191104_104802.jpg,Healthy,group-00257,test
Nagpur_Region_Basil_Plant_Healthy/IMG_20191104_104803.jpg,Healthy,group-00257,test
Nagpur_Region_Basil_Plant_Healthy/IMG_20191104_104804.jpg,Healthy,group-00258,development
Nagpur_Region_Basil_Plant_Healthy/IMG_20191104_104805.jpg,Healthy,group-00261,development
Nagpur_Region_Basil_Plant_Healthy/IMG_20191104_104806.jpg,Healthy,group-00261,development
Nagpur_Region_Basil_Plant_Healthy/IMG_20191104_104807.jpg,Healthy,group-00261,development
Nagpur_Region_Basil_Plant_Healthy/IMG_20191104_104808.jpg,Healthy,group-00262,development
Nagpur_Region_Basil_Plant_Healthy/IMG_20191104_104810.jpg,Healthy,group-00263,development
Nagpur_Region_Basil_Plant_Healthy/IMG_20191104_104812.jpg,Healthy,group-00264,test
Nagpur_Region_Basil_Plant_Healthy/IMG_20191104_104815.jpg,Healthy,group-00265,test
Nagpur_Region_Basil_Plant_Healthy/IMG_20191104_104817.jpg,Healthy,group-00267,development
Nagpur_Region_Basil_Plant_Healthy/IMG_20191104_104817_1.jpg,Healthy,group-00267,development
Nagpur_Region_Basil_Plant_Healthy/IMG_20191104_104819.jpg,Healthy,group-00268,development
Nagpur_Region_Basil_Plant_Healthy/IMG_20191104_104819_1.jpg,Healthy,group-00269,test
Nagpur_Region_Basil_Plant_Healthy/IMG_20191104_104821.jpg,Healthy,group-00270,development
Nagpur_Region_Basil_Plant_Healthy/IMG_20191104_104822.jpg,Healthy,group-00271,development
Nagpur_Region_Basil_Plant_Healthy/IMG_20191104_104823.jpg,Healthy,group-00272,development
Nagpur_Region_Basil_Plant_Healthy/IMG_20191104_104825.jpg,Healthy,group-00273,development
Nagpur_Region_Basil_Plant_Healthy/IMG_20191104_104828.jpg,Healthy,group-00274,development
Nagpur_Region_Basil_Plant_Healthy/IMG_20191104_104828_1.jpg,Healthy,group-00275,development
Nagpur_Region_Basil_Plant_Healthy/IMG_20191104_104831.jpg,Healthy,group-00276,development
Nagpur_Region_Basil_Plant_Healthy/IMG_20191104_104834.jpg,Healthy,group-00277,development
Nagpur_Region_Basil_Plant_Healthy/IMG_20191104_104836.jpg,Healthy,group-00278,development
Nagpur_Region_Basil_Plant_Healthy/IMG_20191104_104836_1.jpg,Healthy,group-00279,development
Nagpur_Region_Basil_Plant_Healthy/IMG_20191104_104837.jpg,Healthy,group-00280,development
Nagpur_Region_Basil_Plant_Healthy/IMG_20191104_104838.jpg,Healthy,group-00281,development
Nagpur_Region_Basil_Plant_Healthy/IMG_20191104_104840.jpg,Healthy,group-00282,development
Nagpur_Region_Basil_Plant_Healthy/IMG_20191104_104841.jpg,Healthy,group-00284,development
Nagpur_Region_Basil_Plant_Healthy/IMG_20191104_104843.jpg,Healthy,group-00284,development
Nagpur_Region_Basil_Plant_Healthy/IMG_20191104_121152.jpg,Healthy,group-00285,development
Nagpur_Region_Basil_Plant_Healthy/IMG_20191104_121159.jpg,Healthy,group-00286,development
Nagpur_Region_Basil_Plant_Healthy/IMG_20191104_121216.jpg,Healthy,group-00287,development
Nagpur_Region_Basil_Plant_Healthy/IMG_20191104_121240.jpg,Healthy,group-00288,development
Nagpur_Region_Basil_Plant_Healthy/IMG_20191104_121242.jpg,Healthy,group-00289,development
Nagpur_Region_Basil_Plant_Healthy/IMG_20191104_121248.jpg,Healthy,group-00292,development
Nagpur_Region_Basil_Plant_Healthy/IMG_20191104_121250.jpg,Healthy,group-00292,development
Nagpur_Region_Basil_Plant_Healthy/IMG_20191104_121254.jpg,Healthy,group-00292,development
Nagpur_Region_Basil_Plant_Healthy/IMG_20191104_121258.jpg,Healthy,group-00293,development
Nagpur_Region_Basil_Plant_Healthy/IMG_20191104_121301.jpg,Healthy,group-00294,development
Nagpur_Region_Basil_Plant_Healthy/IMG_20191104_121303.jpg,Healthy,group-00295,development
Nagpur_Region_Basil_Plant_Healthy/IMG_20191104_121311.jpg,Healthy,group-00297,development
Nagpur_Region_Basil_Plant_Healthy/IMG_20191104_121312.jpg,Healthy,group-00297,development
Nagpur_Region_Basil_Plant_Healthy/IMG_20191104_121317.jpg,Healthy,group-00299,development
Nagpur_Region_Basil_Plant_Healthy/IMG_20191104_121320.jpg,Healthy,group-00299,development
Nagpur_Region_Basil_Plant_Healthy/IMG_20191104_121326.jpg,Healthy,group-00300,development
Nagpur_Region_Basil_Plant_Healthy/IMG_20191104_121331.jpg,Healthy,group-00303,test
Nagpur_Region_Basil_Plant_Healthy/IMG_20191104_121333.jpg,Healthy,group-00303,test
Nagpur_Region_Basil_Plant_Healthy/IMG_20191104_121335.jpg,Healthy,group-00303,test
Nagpur_Region_Basil_Plant_Healthy/IMG_20191104_121339.jpg,Healthy,group-00304,development
Nagpur_Region_Basil_Plant_Healthy/IMG_20191104_121341.jpg,Healthy,group-00305,development
Nagpur_Region_Basil_Plant_Healthy/IMG_20191104_121342.jpg,Healthy,group-00306,development
Nagpur_Region_Basil_Plant_Healthy/IMG_20191104_121351.jpg,Healthy,group-00307,development
Nagpur_Region_Basil_Plant_Healthy/IMG_20191104_121353.jpg,Healthy,group-00308,test
Nagpur_Region_Basil_Plant_Healthy/IMG_20191104_121355.jpg,Healthy,group-00309,test
Nagpur_Region_Basil_Plant_Healthy/IMG_20191104_121357.jpg,Healthy,group-00310,development
Nagpur_Region_Basil_Plant_Healthy/IMG_20191104_121359.jpg,Healthy,group-00311,test
Nagpur_Region_Basil_Plant_Healthy/IMG_20191104_121401.jpg,Healthy,group-00312,development
Nagpur_Region_Basil_Plant_Healthy/IMG_20191104_121403.jpg,Healthy,group-00313,development
Nagpur_Region_Basil_Plant_Healthy/IMG_20191104_121407.jpg,Healthy,group-00314,test
Nagpur_Region_Basil_Plant_Healthy/IMG_20191104_121409.jpg,Healthy,group-00315,development
Nagpur_Region_Basil_Plant_Healthy/IMG_20191104_121417.jpg,Healthy,group-00316,development
Nagpur_Region_Basil_Plant_Healthy/IMG_20191104_121419.jpg,Healthy,group-00317,development
Nagpur_Region_Basil_Plant_Healthy/IMG_20191104_121422.jpg,Healthy,group-00318,development
Nagpur_Region_Basil_Plant_Healthy/IMG_20191104_121426.jpg,Healthy,group-00319,development
Nagpur_Region_Basil_Plant_Healthy/IMG_20191104_121428.jpg,Healthy,group-00320,development
Nagpur_Region_Basil_Plant_Healthy/IMG_20191104_121430.jpg,Healthy,group-00321,development
Nagpur_Region_Basil_Plant_Healthy/IMG_20191104_121432.jpg,Healthy,group-00322,development
Nagpur_Region_Basil_Plant_Healthy/IMG_20191104_121433.jpg,Healthy,group-00323,development
Nagpur_Region_Basil_Plant_Healthy/IMG_20191104_121436.jpg,Healthy,group-00325,test
Nagpur_Region_Basil_Plant_Healthy/IMG_20191104_121438.jpg,Healthy,group-00325,test
Nagpur_Region_Basil_Plant_Healthy/IMG_20191104_121439.jpg,Healthy,group-00326,development
Nagpur_Region_Basil_Plant_Healthy/IMG_20191104_121445.jpg,Healthy,group-00327,development
Nagpur_Region_Basil_Plant_Healthy/IMG_20191104_121450.jpg,Healthy,group-00328,development
Nagpur_Region_Basil_Plant_Healthy/IMG_20191104_121453.jpg,Healthy,group-00329,development
Nagpur_Region_Basil_Plant_Healthy/IMG_20191104_121454.jpg,Healthy,group-00330,development
Nagpur_Region_Basil_Plant_Healthy/IMG_20191104_121457.jpg,Healthy,group-00331,development
Nagpur_Region_Basil_Plant_Healthy/IMG_20191104_121459.jpg,Healthy,group-00332,development
Nagpur_Region_Basil_Plant_Healthy/IMG_20191104_121501.jpg,Healthy,group-00333,development
Nagpur_Region_Basil_Plant_Healthy/IMG_20191104_121504.jpg,Healthy,group-00334,development
Nagpur_Region_Basil_Plant_Healthy/IMG_20191104_121505.jpg,Healthy,group-00335,test
Nagpur_Region_Basil_Plant_Healthy/IMG_20191104_121507.jpg,Healthy,group-00336,development
Nagpur_Region_Basil_Plant_Healthy/IMG_20191104_121509.jpg,Healthy,group-00337,development
Nagpur_Region_Basil_Plant_Healthy/IMG_20191104_121511.jpg,Healthy,group-00338,development
Nagpur_Region_Basil_Plant_Healthy/IMG_20191104_121513.jpg,Healthy,group-00339,development
Nagpur_Region_Basil_Plant_Healthy/IMG_20191104_121515.jpg,Healthy,group-00340,development
Nagpur_Region_Basil_Plant_Healthy/IMG_20191104_121517.jpg,Healthy,group-00341,development
Nagpur_Region_Basil_Plant_Healthy/IMG_20191104_121519.jpg,Healthy,group-00342,development
Nagpur_Region_Basil_Plant_Healthy/IMG_20191104_121521.jpg,Healthy,group-00343,development
Nagpur_Region_Basil_Plant_Healthy/IMG_20191104_121522.jpg,Healthy,group-00344,test
Nagpur_Region_Basil_Plant_Healthy/IMG_20191104_121525.jpg,Healthy,group-00345,development
Nagpur_Region_Basil_Plant_Healthy/IMG_20191104_121526.jpg,Healthy,group-00346,development
Nagpur_Region_Basil_Plant_Healthy/IMG_20191104_121529.jpg,Healthy,group-00347,development
Nagpur_Region_Basil_Plant_Healthy/IMG_20191104_121532.jpg,Healthy,group-00348,test
Nagpur_Region_Basil_Plant_Healthy/IMG_20191104_121535.jpg,Healthy,group-00349,development
Nagpur_Region_Basil_Plant_Healthy/IMG_20191104_121539.jpg,Healthy,group-00350,development
Nagpur_Region_Basil_Plant_Healthy/IMG_20191104_121540.jpg,Healthy,group-00351,development
Nagpur_Region_Basil_Plant_Healthy/IMG_20191104_121543.jpg,Healthy,group-00352,development
Nagpur_Region_Basil_Plant_Healthy/IMG_20191104_121546.jpg,Healthy,group-00353,test
Nagpur_Region_Basil_Plant_Healthy/IMG_20191104_121548.jpg,Healthy,group-00354,development
Nagpur_Region_Basil_Plant_Healthy/IMG_20191104_121549.jpg,Healthy,group-00355,test
Nagpur_Region_Basil_Plant_Healthy/IMG_20191104_121551.jpg,Healthy,group-00356,development
Nagpur_Region_Basil_Plant_Healthy/IMG_20191104_121553.jpg,Healthy,group-00357,development
Nagpur_Region_Basil_Plant_Healthy/IMG_20191104_121555.jpg,Healthy,group-00358,development
Nagpur_Region_Basil_Plant_Healthy/IMG_20191104_121557.jpg,Healthy,group-00359,development
Nagpur_Region_Basil_Plant_Healthy/IMG_20191104_121558.jpg,Healthy,group-00360,development
Nagpur_Region_Basil_Plant_Healthy/IMG_20191104_121600.jpg,Healthy,group-00361,test
Nagpur_Region_Basil_Plant_Healthy/IMG_20191104_121602.jpg,Healthy,group-00362,development
Nagpur_Region_Basil_Plant_Healthy/IMG_20191104_121604.jpg,Healthy,group-00363,development
Nagpur_Region_Basil_Plant_Healthy/IMG_20191104_121606.jpg,Healthy,group-00364,development
Nagpur_Region_Basil_Plant_Healthy/IMG_20191104_121608.jpg,Healthy,group-00365,test
Nagpur_Region_Basil_Plant_Healthy/IMG_20191104_121609.jpg,Healthy,group-00366,test
Nagpur_Region_Basil_Plant_Healthy/IMG_20191104_121611.jpg,Healthy,group-00367,development
Nagpur_Region_Basil_Plant_Healthy/IMG_20191104_121612.jpg,Healthy,group-00368,development
Nagpur_Region_Basil_Plant_Healthy/IMG_20191104_121614.jpg,Healthy,group-00369,test
Nagpur_Region_Basil_Plant_Healthy/IMG_20191104_121623.jpg,Healthy,group-00370,development
Nagpur_Region_Basil_Plant_Healthy/IMG_20191104_121625.jpg,Healthy,group-00371,development
Nagpur_Region_Basil_Plant_Healthy/IMG_20191104_121628.jpg,Healthy,group-00372,development
Nagpur_Region_Basil_Plant_Healthy/IMG_20191104_121630.jpg,Healthy,group-00373,development
Nagpur_Region_Basil_Plant_Healthy/IMG_20191104_121637.jpg,Healthy,group-00374,development
Nagpur_Region_Basil_Plant_Healthy/IMG_20191104_121639.jpg,Healthy,group-00375,development
Nagpur_Region_Basil_Plant_Healthy/IMG_20191104_121641.jpg,Healthy,group-00376,development
Nagpur_Region_Basil_Plant_Healthy/IMG_20191104_121644.jpg,Healthy,group-00377,development
Nagpur_Region_Basil_Plant_Healthy/IMG_20191104_121646.jpg,Healthy,group-00378,development
Nagpur_Region_Basil_Plant_Healthy/IMG_20191104_121648.jpg,Healthy,group-00379,development
Nagpur_Region_Basil_Plant_Healthy/IMG_20191104_121650.jpg,Healthy,group-00380,development
Nagpur_Region_Basil_Plant_Healthy/IMG_20191104_121652.jpg,Healthy,group-00381,development
Nagpur_Region_Basil_Plant_Healthy/IMG_20191104_121653.jpg,Healthy,group-00382,development
Nagpur_Region_Basil_Plant_Healthy/IMG_20191104_121655.jpg,Healthy,group-00383,development
Nagpur_Region_Basil_Plant_Healthy/IMG_20191104_121658.jpg,Healthy,group-00384,development
Nagpur_Region_Basil_Plant_Healthy/IMG_20191104_121706.jpg,Healthy,group-00385,test
Nagpur_Region_Basil_Plant_Healthy/IMG_20191104_121723.jpg,Healthy,group-00386,development
Nagpur_Region_Basil_Plant_Healthy/IMG_20191104_121727.jpg,Healthy,group-00387,development
Nagpur_Region_Basil_Plant_Healthy/IMG_20191104_121729.jpg,Healthy,group-00388,development
Nagpur_Region_Basil_Plant_Healthy/IMG_20191104_121731.jpg,Healthy,group-00389,development
Nagpur_Region_Basil_Plant_Healthy/IMG_20191104_121733.jpg,Healthy,group-00390,development
Nagpur_Region_Basil_Plant_Healthy/IMG_20191104_121735.jpg,Healthy,group-00391,development
Nagpur_Region_Basil_Plant_Healthy/IMG_20191104_121737.jpg,Healthy,group-00392,development
Nagpur_Region_Basil_Plant_Healthy/IMG_20191104_121743.jpg,Healthy,group-00393,development
Nagpur_Region_Basil_Plant_Healthy/IMG_20191104_121746.jpg,Healthy,group-00394,test
Nagpur_Region_Basil_Plant_Healthy/IMG_20191104_121748.jpg,Healthy,group-00395,test
Nagpur_Region_Basil_Plant_Healthy/IMG_20191104_121750.jpg,Healthy,group-00396,development
Nagpur_Region_Basil_Plant_Healthy/IMG_20191104_121753.jpg,Healthy,group-00397,development
Nagpur_Region_Basil_Plant_Healthy/IMG_20191104_121755.jpg,Healthy,group-00398,development
Nagpur_Region_Basil_Plant_Healthy/IMG_20191104_121800.jpg,Healthy,group-00399,development
Nagpur_Region_Basil_Plant_Healthy/IMG_20191104_121803.jpg,Healthy,group-00400,development
Nagpur_Region_Basil_Plant_Healthy/IMG_20191104_121806.jpg,Healthy,group-00401,development
Nagpur_Region_Basil_Plant_Healthy/IMG_20191104_121808.jpg,Healthy,group-00402,test
Nagpur_Region_Basil_Plant_Healthy/IMG_20191104_121810.jpg,Healthy,group-00403,development
Nagpur_Region_Basil_Plant_Healthy/IMG_20191104_121813.jpg,Healthy,group-00404,development
Nagpur_Region_Basil_Plant_Healthy/IMG_20191104_121816.jpg,Healthy,group-00405,test
Nagpur_Region_Basil_Plant_Healthy/IMG_20191104_121818.jpg,Healthy,group-00406,test
Nagpur_Region_Basil_Plant_Healthy/IMG_20191104_121823.jpg,Healthy,group-00407,development
Nagpur_Region_Basil_Plant_Healthy/IMG_20191104_121826.jpg,Healthy,group-00408,development
Nagpur_Region_Basil_Plant_Healthy/IMG_20191104_121829.jpg,Healthy,group-00409,development
Nagpur_Region_Basil_Plant_Healthy/IMG_20191104_121831.jpg,Healthy,group-00410,development
Nagpur_Region_Basil_Plant_Healthy/IMG_20191104_121832.jpg,Healthy,group-00411,test
Nagpur_Region_Basil_Plant_Healthy/IMG_20191104_121834.jpg,Healthy,group-00412,development
Nagpur_Region_Basil_Plant_Healthy/IMG_20191104_121836.jpg,Healthy,group-00413,development
Nagpur_Region_Basil_Plant_Healthy/IMG_20191104_121843.jpg,Healthy,group-00414,development
Nagpur_Region_Basil_Plant_Healthy/IMG_20191104_121845.jpg,Healthy,group-00415,development
Nagpur_Region_Basil_Plant_Healthy/IMG_20191104_121847.jpg,Healthy,group-00416,development
Nagpur_Region_Basil_Plant_Healthy/IMG_20191104_121848.jpg,Healthy,group-00417,development
Nagpur_Region_Basil_Plant_Healthy/IMG_20191104_121850.jpg,Healthy,group-00418,development
Nagpur_Region_Basil_Plant_Healthy/IMG_20191104_121852.jpg,Healthy,group-00419,test
Nagpur_Region_Basil_Plant_Healthy/IMG_20191104_121853.jpg,Healthy,group-00420,development
Nagpur_Region_Basil_Plant_Healthy/IMG_20191104_121857.jpg,Healthy,group-00421,development
Nagpur_Region_Basil_Plant_Healthy/IMG_20191104_121914.jpg,Healthy,group-00422,development
Nagpur_Region_Basil_Plant_Healthy/IMG_20191104_121923.jpg,Healthy,group-00423,development
Nagpur_Region_Basil_Plant_Healthy/IMG_20191104_121925.jpg,Healthy,group-00424,test
Nagpur_Region_Basil_Plant_Healthy/IMG_20191104_121928.jpg,Healthy,group-00425,development
Nagpur_Region_Basil_Plant_Healthy/IMG_20191104_121932.jpg,Healthy,group-00426,development
Nagpur_Region_Basil_Plant_Healthy/IMG_20191104_121937.jpg,Healthy,group-00427,development
Nagpur_Region_Basil_Plant_Healthy/IMG_20191104_121949.jpg,Healthy,group-00428,development
Nagpur_Region_Basil_Plant_Healthy/IMG_20191104_121954.jpg,Healthy,group-00429,development
Nagpur_Region_Basil_Plant_Healthy/WhatsApp Image 2019-09-08 at 18.12.29.jpg,Healthy,group-00430,development
Nagpur_Region_Basil_Plant_Healthy/WhatsApp Image 2019-09-08 at 18.12.31.jpg,Healthy,group-00431,test
Nagpur_Region_Basil_Plant_Healthy/WhatsApp Image 2019-09-08 at 18.12.32.jpg,Healthy,group-00432,development
Nagpur_Region_Basil_Plant_Healthy/WhatsApp Image 2019-09-08 at 18.12.33 (1).jpg,Healthy,group-00433,development
Nagpur_Region_Basil_Plant_Healthy/WhatsApp Image 2019-09-08 at 18.12.33.jpg,Healthy,group-00434,development
Nagpur_Region_Basil_Plant_Healthy/WhatsApp Image 2019-09-09 at 20.33.36 (1).jpg,Healthy,group-00435,development
Nagpur_Region_Basil_Plant_Healthy/WhatsApp Image 2019-09-09 at 20.33.36.jpg,Healthy,group-00436,test
Nagpur_Region_Basil_Plant_Healthy/WhatsApp Image 2019-09-09 at 20.33.37 (1).jpg,Healthy,group-00437,development
Nagpur_Region_Basil_Plant_Healthy/WhatsApp Image 2019-09-09 at 20.33.37.jpg,Healthy,group-00438,development
Nagpur_Region_Basil_Plant_Healthy/WhatsApp Image 2019-09-09 at 20.33.41 (1).jpg,Healthy,group-00439,development
Nagpur_Region_Basil_Plant_Healthy/WhatsApp Image 2019-09-09 at 20.33.41.jpg,Healthy,group-00440,development
Nagpur_Region_Basil_Plant_Healthy/WhatsApp Image 2019-09-09 at 20.33.42 (1).jpg,Healthy,group-00441,development
Nagpur_Region_Basil_Plant_Healthy/WhatsApp Image 2019-09-09 at 20.33.42.jpg,Healthy,group-00442,development
Nagpur_Region_Basil_Plant_Healthy/WhatsApp Image 2019-09-09 at 20.33.43 (1).jpg,Healthy,group-00443,development
Nagpur_Region_Basil_Plant_Healthy/WhatsApp Image 2019-09-09 at 20.33.43.jpg,Healthy,group-00444,development
Nagpur_Region_Basil_Plant_Healthy/WhatsApp Image 2019-09-09 at 20.33.44 (1).jpg,Healthy,group-00445,development
Nagpur_Region_Basil_Plant_Healthy/WhatsApp Image 2019-09-09 at 20.33.44.jpg,Healthy,group-00446,development
Nagpur_Region_Basil_Plant_Healthy/WhatsApp Image 2019-09-09 at 20.33.45.jpg,Healthy,group-00447,development
Nagpur_Region_Basil_Plant_Healthy/WhatsApp Image 2019-09-09 at 20.33.46 (1).jpg,Healthy,group-00448,development
Nagpur_Region_Basil_Plant_Healthy/WhatsApp Image 2019-09-09 at 20.33.46.jpg,Healthy,group-00449,test
Nagpur_Region_Basil_Plant_Healthy/WhatsApp Image 2019-09-09 at 20.33.47.jpg,Healthy,group-00450,development
Nagpur_Region_Basil_Plant_Healthy/WhatsApp Image 2019-09-09 at 20.33.48 (1).jpg,Healthy,group-00451,development
Nagpur_Region_Basil_Plant_Healthy/WhatsApp Image 2019-09-09 at 20.33.48.jpg,Healthy,group-00452,development
Nagpur_Region_Basil_Plant_Healthy/WhatsApp Image 2019-09-11 at 17.30.03.jpg,Healthy,group-00453,development
Nagpur_Region_Basil_Plant_Healthy/WhatsApp Image 2019-09-11 at 17.30.04.jpg,Healthy,group-00454,development
Nagpur_Region_Basil_Plant_Healthy/WhatsApp Image 2019-09-11 at 17.30.05.jpg,Healthy,group-00455,test
Nagpur_Region_Basil_Plant_Healthy/WhatsApp Image 2019-09-11 at 17.30.06.jpg,Healthy,group-00456,test
Nagpur_Region_Basil_Plant_Healthy/WhatsApp Image 2019-09-11 at 17.30.07.jpg,Healthy,group-00457,development
Nagpur_Region_Basil_Plant_Healthy/WhatsApp Image 2019-09-11 at 17.30.08.jpg,Healthy,group-00458,test
Basil_Plant_Unhealthy/IMG_20201217_112345.jpg,Unhealthy,group-00459,development
Basil_Plant_Unhealthy/IMG_20201217_112348.jpg,Unhealthy,group-00460,development
Basil_Plant_Unhealthy/IMG_20201217_112352.jpg,Unhealthy,group-00461,development
Basil_Plant_Unhealthy/IMG_20201217_112357.jpg,Unhealthy,group-00462,development
Basil_Plant_Unhealthy/IMG_20201217_112408.jpg,Unhealthy,group-00465,development
Basil_Plant_Unhealthy/IMG_20201217_112411.jpg,Unhealthy,group-00464,development
Basil_Plant_Unhealthy/IMG_20201217_112413.jpg,Unhealthy,group-00465,development
Basil_Plant_Unhealthy/IMG_20201217_112415.jpg,Unhealthy,group-00466,test
Basil_Plant_Unhealthy/IMG_20201217_112501.jpg,Unhealthy,group-00467,development
Basil_Plant_Unhealthy/IMG_20201217_112549.jpg,Unhealthy,group-00468,development
Basil_Plant_Unhealthy/IMG_20201217_112600.jpg,Unhealthy,group-00469,test
Basil_Plant_Unhealthy/IMG_20201217_112604.jpg,Unhealthy,group-00470,test
Basil_Plant_Unhealthy/IMG_20201217_112606.jpg,Unhealthy,group-00471,test
Basil_Plant_Unhealthy/IMG_20201217_112621.jpg,Unhealthy,group-00472,development
Basil_Plant_Unhealthy/IMG_20201217_112623.jpg,Unhealthy,group-00473,development
Basil_Plant_Unhealthy/IMG_20201217_112652.jpg,Unhealthy,group-00474,development
Basil_Plant_Unhealthy/IMG_20201217_112654.jpg,Unhealthy,group-00475,test
Basil_Plant_Unhealthy/IMG_20201217_112658.jpg,Unhealthy,group-00476,development
Basil_Plant_Unhealthy/IMG_20201217_112712.jpg,Unhealthy,group-00477,development
Basil_Plant_Unhealthy/IMG_20201217_112714.jpg,Unhealthy,group-00478,development
Basil_Plant_Unhealthy/IMG_20201217_112718.jpg,Unhealthy,group-00479,development
Basil_Plant_Unhealthy/IMG_20201217_112722.jpg,Unhealthy,group-00480,development
Basil_Plant_Unhealthy/IMG_20201217_112725.jpg,Unhealthy,group-00481,development
Basil_Plant_Unhealthy/IMG_20201217_112726.jpg,Unhealthy,group-00482,development
Basil_Plant_Unhealthy/IMG_20201217_112729.jpg,Unhealthy,group-00483,test
Basil_Plant_Unhealthy/IMG_20201217_112731.jpg,Unhealthy,group-00484,development
Basil_Plant_Unhealthy/IMG_20201217_112739.jpg,Unhealthy,group-00485,development
Basil_Plant_Unhealthy/IMG_20201217_112744.jpg,Unhealthy,group-00486,test
Basil_Plant_Unhealthy/IMG_20201217_112752.jpg,Unhealthy,group-00487,test
Basil_Plant_Unhealthy/IMG_20201217_112754.jpg,Unhealthy,group-00488,test
Basil_Plant_Unhealthy/IMG_20201217_112755.jpg,Unhealthy,group-00489,test
Basil_Plant_Unhealthy/IMG_20201217_112757.jpg,Unhealthy,group-00490,development
Basil_Plant_Unhealthy/IMG_20201217_112759.jpg,Unhealthy,group-00491,development
Basil_Plant_Unhealthy/IMG_20201217_112801.jpg,Unhealthy,group-00492,development
Basil_Plant_Unhealthy/IMG_20201217_112805.jpg,Unhealthy,group-00493,development
Basil_Plant_Unhealthy/IMG_20201217_112809.jpg,Unhealthy,group-00494,development
Basil_Plant_Unhealthy/IMG_20201217_112810.jpg,Unhealthy,group-00495,test
Basil_Plant_Unhealthy/IMG_20201217_112812.jpg,Unhealthy,group-00496,development
Basil_Plant_Unhealthy/IMG_20201217_112814.jpg,Unhealthy,group-00497,development
Basil_Plant_Unhealthy/IMG_20201217_150537.jpg,Unhealthy,group-00498,development
Basil_Plant_Unhealthy/IMG_20201217_150541.jpg,Unhealthy,group-00500,development
Basil_Plant_Unhealthy/IMG_20201217_150544.jpg,Unhealthy,group-00500,development
Basil_Plant_Unhealthy/IMG_20201217_150547.jpg,Unhealthy,group-00501,development
Basil_Plant_Unhealthy/IMG_20201217_150556.jpg,Unhealthy,group-00502,development
Basil_Plant_Unhealthy/IMG_20201217_150600.jpg,Unhealthy,group-00503,development
Basil_Plant_Unhealthy/IMG_20201217_150604.jpg,Unhealthy,group-00504,development
Basil_Plant_Unhealthy/IMG_20201217_150605.jpg,Unhealthy,group-00506,development
Basil_Plant_Unhealthy/IMG_20201217_150606.jpg,Unhealthy,group-00506,development
Basil_Plant_Unhealthy/IMG_20201217_150609.jpg,Unhealthy,group-00507,test
Basil_Plant_Unhealthy/IMG_20201217_150610.jpg,Unhealthy,group-00508,test
Basil_Plant_Unhealthy/IMG_20201217_150612.jpg,Unhealthy,group-00509,development
Basil_Plant_Unhealthy/IMG_20201217_150615.jpg,Unhealthy,group-00510,development
Basil_Plant_Unhealthy/IMG_20201217_150617.jpg,Unhealthy,group-00511,development
Basil_Plant_Unhealthy/IMG_20201217_150620.jpg,Unhealthy,group-00512,development
Basil_Plant_Unhealthy/IMG_20201217_150623.jpg,Unhealthy,group-00513,development
Basil_Plant_Unhealthy/IMG_20201217_150626.jpg,Unhealthy,group-00514,development
Basil_Plant_Unhealthy/IMG_20201217_150627.jpg,Unhealthy,group-00515,development
Basil_Plant_Unhealthy/IMG_20201217_150629.jpg,Unhealthy,group-00517,development
Basil_Plant_Unhealthy/IMG_20201217_150629_1.jpg,Unhealthy,group-00517,development
Basil_Plant_Unhealthy/IMG_20201217_150630.jpg,Unhealthy,group-00518,test
Basil_Plant_Unhealthy/IMG_20201217_150631.jpg,Unhealthy,group-00519,development
Basil_Plant_Unhealthy/IMG_20201217_150735.jpg,Unhealthy,group-00520,development
Basil_Plant_Unhealthy/IMG_20201217_150737.jpg,Unhealthy,group-00522,test
Basil_Plant_Unhealthy/IMG_20201217_150739.jpg,Unhealthy,group-00522,test
Basil_Plant_Unhealthy/IMG_20201217_150741.jpg,Unhealthy,group-00524,development
Basil_Plant_Unhealthy/IMG_20201217_150744.jpg,Unhealthy,group-00524,development
Basil_Plant_Unhealthy/IMG_20201217_150748.jpg,Unhealthy,group-00526,development
Basil_Plant_Unhealthy/IMG_20201217_150750.jpg,Unhealthy,group-00526,development
Basil_Plant_Unhealthy/IMG_20201217_150752.jpg,Unhealthy,group-00528,development
Basil_Plant_Unhealthy/IMG_20201217_150753.jpg,Unhealthy,group-00528,development
Basil_Plant_Unhealthy/IMG_20201217_150757.jpg,Unhealthy,group-00529,development
Basil_Plant_Unhealthy/IMG_20201217_150759.jpg,Unhealthy,group-00530,test
Basil_Plant_Unhealthy/IMG_20201217_150801.jpg,Unhealthy,group-00531,development
Basil_Plant_Unhealthy/IMG_20201217_150802.jpg,Unhealthy,group-00532,development
Basil_Plant_Unhealthy/IMG_20201217_150929.jpg,Unhealthy,group-00533,development
Basil_Plant_Unhealthy/IMG_20201217_150930.jpg,Unhealthy,group-00534,development
Basil_Plant_Unhealthy/IMG_20201217_150931.jpg,Unhealthy,group-00535,test
Basil_Plant_Unhealthy/IMG_20201217_150933.jpg,Unhealthy,group-00536,development
Basil_Plant_Unhealthy/IMG_20201217_150938.jpg,Unhealthy,group-00537,test
Basil_Plant_Unhealthy/IMG_20201217_150939.jpg,Unhealthy,group-00538,development
Basil_Plant_Unhealthy/IMG_20201217_150941.jpg,Unhealthy,group-00539,development
Basil_Plant_Unhealthy/IMG_20201217_150942.jpg,Unhealthy,group-00540,development
Basil_Plant_Unhealthy/IMG_20201217_150944.jpg,Unhealthy,group-00541,development
Basil_Plant_Unhealthy/IMG_20201217_150947.jpg,Unhealthy,group-00542,test
Basil_Plant_Unhealthy/IMG_20201217_150953.jpg,Unhealthy,group-00544,development
Basil_Plant_Unhealthy/IMG_20201217_150954.jpg,Unhealthy,group-00544,development
Basil_Plant_Unhealthy/IMG_20201217_150959.jpg,Unhealthy,group-00545,development
Basil_Plant_Unhealthy/IMG_20201217_151001.jpg,Unhealthy,group-00546,development
Basil_Plant_Unhealthy/IMG_20201217_151003.jpg,Unhealthy,group-00547,development
Basil_Plant_Unhealthy/IMG_20201217_151006.jpg,Unhealthy,group-00548,test
Basil_Plant_Unhealthy/IMG_20201217_151008.jpg,Unhealthy,group-00550,development
Basil_Plant_Unhealthy/IMG_20201217_151009.jpg,Unhealthy,group-00550,development
Basil_Plant_Unhealthy/IMG_20201217_151012.jpg,Unhealthy,group-00551,development
Basil_Plant_Unhealthy/IMG_20201217_151015.jpg,Unhealthy,group-00552,development
Basil_Plant_Unhealthy/IMG_20201217_151021.jpg,Unhealthy,group-00553,development
Basil_Plant_Unhealthy/IMG_20201217_151025.jpg,Unhealthy,group-00554,test
Basil_Plant_Unhealthy/IMG_20201217_151031.jpg,Unhealthy,group-00555,test
Basil_Plant_Unhealthy/IMG_20201217_151032.jpg,Unhealthy,group-00556,development
Basil_Plant_Unhealthy/IMG_20201217_151033.jpg,Unhealthy,group-00557,development
Basil_Plant_Unhealthy/IMG_20201217_151034.jpg,Unhealthy,group-00558,development
Basil_Plant_Unhealthy/IMG_20201217_151035.jpg,Unhealthy,group-00559,test
Basil_Plant_Unhealthy/IMG_20201217_151036.jpg,Unhealthy,group-00560,development
Basil_Plant_Unhealthy/IMG_20201217_151037.jpg,Unhealthy,group-00565,development
Basil_Plant_Unhealthy/IMG_20201217_151038.jpg,Unhealthy,group-00565,development
Basil_Plant_Unhealthy/IMG_20201217_151039.jpg,Unhealthy,group-00565,development
Basil_Plant_Unhealthy/IMG_20201217_151040.jpg,Unhealthy,group-00565,development
Basil_Plant_Unhealthy/IMG_20201217_151041.jpg,Unhealthy,group-00565,development
Basil_Plant_Unhealthy/IMG_20201217_151045.jpg,Unhealthy,group-00566,development
Basil_Plant_Unhealthy/IMG_20201217_151046.jpg,Unhealthy,group-00567,development
Basil_Plant_Unhealthy/IMG_20201217_151048.jpg,Unhealthy,group-00568,test
Basil_Plant_Unhealthy/IMG_20201217_151049.jpg,Unhealthy,group-00569,development
Basil_Plant_Unhealthy/IMG_20201217_151055.jpg,Unhealthy,group-00570,development
Basil_Plant_Unhealthy/IMG_20201217_151122.jpg,Unhealthy,group-00571,development
Basil_Plant_Unhealthy/IMG_20201217_151123.jpg,Unhealthy,group-00572,test
Basil_Plant_Unhealthy/IMG_20201217_151123_1.jpg,Unhealthy,group-00573,development
Basil_Plant_Unhealthy/IMG_20201217_151126.jpg,Unhealthy,group-00574,development
Basil_Plant_Unhealthy/IMG_20201217_151128.jpg,Unhealthy,group-00575,development
Basil_Plant_Unhealthy/IMG_20201217_151132.jpg,Unhealthy,group-00576,test
Basil_Plant_Unhealthy/IMG_20201217_151133.jpg,Unhealthy,group-00577,development
Basil_Plant_Unhealthy/IMG_20201217_151135.jpg,Unhealthy,group-00578,development
Basil_Plant_Unhealthy/IMG_20201217_151135_1.jpg,Unhealthy,group-00579,development
Basil_Plant_Unhealthy/IMG_20201217_151136.jpg,Unhealthy,group-00580,test
Basil_Plant_Unhealthy/IMG_20201217_151137.jpg,Unhealthy,group-00581,development
Basil_Plant_Unhealthy/IMG_20201217_151549.jpg,Unhealthy,group-00582,test
Basil_Plant_Unhealthy/IMG_20201217_151552.jpg,Unhealthy,group-00585,test
Basil_Plant_Unhealthy/IMG_20201217_151553.jpg,Unhealthy,group-00585,test
Basil_Plant_Unhealthy/IMG_20201217_151555.jpg,Unhealthy,group-00585,test
Basil_Plant_Unhealthy/IMG_20201217_151557.jpg,Unhealthy,group-00586,development
Basil_Plant_Unhealthy/IMG_20201217_151600.jpg,Unhealthy,group-00587,development
Basil_Plant_Unhealthy/IMG_20201217_151601.jpg,Unhealthy,group-00590,development
Basil_Plant_Unhealthy/IMG_20201217_151602.jpg,Unhealthy,group-00590,development
Basil_Plant_Unhealthy/IMG_20201217_151604.jpg,Unhealthy,group-00590,development
Basil_Plant_Unhealthy/IMG_20201217_151605.jpg,Unhealthy,group-00591,development
Basil_Plant_Unhealthy/IMG_20201217_151607.jpg,Unhealthy,group-00592,development
Basil_Plant_Unhealthy/IMG_20201217_151608.jpg,Unhealthy,group-00593,development
Basil_Plant_Unhealthy/IMG_20201217_151609.jpg,Unhealthy,group-00594,development
Basil_Plant_Unhealthy/IMG_20201217_151609_1.jpg,Unhealthy,group-00595,development
Basil_Plant_Unhealthy/IMG_20201217_151610.jpg,Unhealthy,group-00596,development
Basil_Plant_Unhealthy/IMG_20201217_151611.jpg,Unhealthy,group-00597,development
Basil_Plant_Unhealthy/IMG_20201217_151612.jpg,Unhealthy,group-00598,development
Basil_Plant_Unhealthy/IMG_20201217_151613.jpg,Unhealthy,group-00599,development
Basil_Plant_Unhealthy/IMG_20201217_151614.jpg,Unhealthy,group-00600,test
Basil_Plant_Unhealthy/IMG_20201217_151615.jpg,Unhealthy,group-00601,development
Basil_Plant_Unhealthy/IMG_20201217_151616.jpg,Unhealthy,group-00602,development
Basil_Plant_Unhealthy/IMG_20201217_151617.jpg,Unhealthy,group-00603,development
Basil_Plant_Unhealthy/IMG_20201217_151620.jpg,Unhealthy,group-00604,test
Basil_Plant_Unhealthy/IMG_20201217_151621.jpg,Unhealthy,group-00605,test
Basil_Plant_Unhealthy/IMG_20201217_151622.jpg,Unhealthy,group-00606,development
Basil_Plant_Unhealthy/IMG_20201217_151623.jpg,Unhealthy,group-00607,development
Basil_Plant_Unhealthy/IMG_20201217_151624.jpg,Unhealthy,group-00608,development
Basil_Plant_Unhealthy/IMG_20201217_151627.jpg,Unhealthy,group-00609,development
Basil_Plant_Unhealthy/IMG_20201217_151629.jpg,Unhealthy,group-00610,development
Basil_Plant_Unhealthy/IMG_20201217_151630.jpg,Unhealthy,group-00611,development
Basil_Plant_Unhealthy/IMG_20201217_151631.jpg,Unhealthy,group-00612,development
Basil_Plant_Unhealthy/IMG_20201217_151632.jpg,Unhealthy,group-00613,development
Basil_Plant_Unhealthy/IMG_20201217_151635.jpg,Unhealthy,group-00614,development
Basil_Plant_Unhealthy/IMG_20201217_151636.jpg,Unhealthy,group-00615,development
Basil_Plant_Unhealthy/IMG_20201217_151636_1.jpg,Unhealthy,group-00616,development
Basil_Plant_Unhealthy/IMG_20201217_151637.jpg,Unhealthy,group-00617,test
Basil_Plant_Unhealthy/IMG_20201217_151638.jpg,Unhealthy,group-00618,development
Basil_Plant_Unhealthy/IMG_20201217_151639.jpg,Unhealthy,group-00619,development
Basil_Plant_Unhealthy/IMG_20201217_151644.jpg,Unhealthy,group-00620,development
Basil_Plant_Unhealthy/IMG_20201217_151645.jpg,Unhealthy,group-00621,development
Basil_Plant_Unhealthy/IMG_20201217_151647.jpg,Unhealthy,group-00622,test
Basil_Plant_Unhealthy/IMG_20201217_151648.jpg,Unhealthy,group-00623,development
Basil_Plant_Unhealthy/IMG_20201217_151650.jpg,Unhealthy,group-00624,development
Basil_Plant_Unhealthy/IMG_20201217_151651.jpg,Unhealthy,group-00625,development
Basil_Plant_Unhealthy/IMG_20201217_151653.jpg,Unhealthy,group-00626,test
Basil_Plant_Unhealthy/IMG_20201217_151655.jpg,Unhealthy,group-00627,development
Basil_Plant_Unhealthy/IMG_20201217_151657.jpg,Unhealthy,group-00628,development
Basil_Plant_Unhealthy/IMG_20201217_151658.jpg,Unhealthy,group-00629,development
Basil_Plant_Unhealthy/IMG_20201217_151700.jpg,Unhealthy,group-00630,development
Basil_Plant_Unhealthy/IMG_20201217_151701.jpg,Unhealthy,group-00631,development
Basil_Plant_Unhealthy/IMG_20201217_151703.jpg,Unhealthy,group-00632,test
Basil_Plant_Unhealthy/IMG_20201217_151705.jpg,Unhealthy,group-00633,development
Basil_Plant_Unhealthy/IMG_20201217_151705_1.jpg,Unhealthy,group-00634,test
Basil_Plant_Unhealthy/IMG_20201217_151707.jpg,Unhealthy,group-00635,development
Basil_Plant_Unhealthy/IMG_20201217_151708.jpg,Unhealthy,group-00636,development
Basil_Plant_Unhealthy/IMG_20201217_151709.jpg,Unhealthy,group-00637,test
Basil_Plant_Unhealthy/IMG_20201217_151710.jpg,Unhealthy,group-00638,development
Basil_Plant_Unhealthy/IMG_20201217_151716.jpg,Unhealthy,group-00639,test
Basil_Plant_Unhealthy/IMG_20201217_151718.jpg,Unhealthy,group-00640,development
Basil_Plant_Unhealthy/IMG_20201217_151720.jpg,Unhealthy,group-00641,development
Basil_Plant_Unhealthy/IMG_20201217_151723.jpg,Unhealthy,group-00642,development
Basil_Plant_Unhealthy/IMG_20201217_151724.jpg,Unhealthy,group-00643,test
Basil_Plant_Unhealthy/IMG_20201217_151725.jpg,Unhealthy,group-00644,test
Basil_Plant_Unhealthy/IMG_20201217_151727.jpg,Unhealthy,group-00645,development
Basil_Plant_Unhealthy/IMG_20201217_151728.jpg,Unhealthy,group-00646,development
Basil_Plant_Unhealthy/IMG_20201217_151730.jpg,Unhealthy,group-00647,test
Basil_Plant_Unhealthy/IMG_20201217_151735.jpg,Unhealthy,group-00648,development
Basil_Plant_Unhealthy/IMG_20201217_151736.jpg,Unhealthy,group-00649,development
Basil_Plant_Unhealthy/IMG_20201217_151737.jpg,Unhealthy,group-00650,development
Basil_Plant_Unhealthy/IMG_20201217_151738.jpg,Unhealthy,group-00651,development
Basil_Plant_Unhealthy/IMG_20201217_151740.jpg,Unhealthy,group-00652,development
Basil_Plant_Unhealthy/IMG_20201217_151741.jpg,Unhealthy,group-00653,development
Basil_Plant_Unhealthy/IMG_20201217_151742.jpg,Unhealthy,group-00654,development
Basil_Plant_Unhealthy/IMG_20201217_151744.jpg,Unhealthy,group-00655,development
Basil_Plant_Unhealthy/IMG_20201217_151745.jpg,Unhealthy,group-00656,development
Basil_Plant_Unhealthy/IMG_20201217_151748.jpg,Unhealthy,group-00657,development
Basil_Plant_Unhealthy/IMG_20201217_151749.jpg,Unhealthy,group-00658,development
Basil_Plant_Unhealthy/IMG_20201217_151752.jpg,Unhealthy,group-00659,development
Basil_Plant_Unhealthy/IMG_20201217_151753.jpg,Unhealthy,group-00660,development
Basil_Plant_Unhealthy/IMG_20201217_151754.jpg,Unhealthy,group-00661,test
Basil_Plant_Unhealthy/IMG_20201217_151755.jpg,Unhealthy,group-00662,development
Basil_Plant_Unhealthy/IMG_20201217_151755_1.jpg,Unhealthy,group-00663,development
Basil_Plant_Unhealthy/IMG_20201217_151759.jpg,Unhealthy,group-00664,development
Basil_Plant_Unhealthy/IMG_20201217_151801.jpg,Unhealthy,group-00666,development
Basil_Plant_Unhealthy/IMG_20201217_151802.jpg,Unhealthy,group-00666,development
Basil_Plant_Unhealthy/IMG_20201217_151803.jpg,Unhealthy,group-00667,development
Basil_Plant_Unhealthy/IMG_20201217_151806.jpg,Unhealthy,group-00669,test
Basil_Plant_Unhealthy/IMG_20201217_151806_1.jpg,Unhealthy,group-00669,test
Basil_Plant_Unhealthy/IMG_20201217_151808.jpg,Unhealthy,group-00671,development
Basil_Plant_Unhealthy/IMG_20201217_151808_1.jpg,Unhealthy,group-00671,development
Basil_Plant_Unhealthy/IMG_20201217_151809.jpg,Unhealthy,group-00672,development
Basil_Plant_Unhealthy/IMG_20201217_151810.jpg,Unhealthy,group-00673,development
Basil_Plant_Unhealthy/IMG_20201217_151811.jpg,Unhealthy,group-00674,development
Basil_Plant_Unhealthy/IMG_20201217_151823.jpg,Unhealthy,group-00675,development
Basil_Plant_Unhealthy/IMG_20201217_151828.jpg,Unhealthy,group-00677,test
Basil_Plant_Unhealthy/IMG_20201217_151833.jpg,Unhealthy,group-00677,test
Basil_Plant_Unhealthy/IMG_20201217_151834.jpg,Unhealthy,group-00678,test
Basil_Plant_Unhealthy/IMG_20201217_151835.jpg,Unhealthy,group-00679,development
Basil_Plant_Unhealthy/IMG_20201217_151836.jpg,Unhealthy,group-00680,development
Basil_Plant_Unhealthy/IMG_20201217_151837.jpg,Unhealthy,group-00681,development
Basil_Plant_Unhealthy/IMG_20201217_151838.jpg,Unhealthy,group-00682,development
Basil_Plant_Unhealthy/IMG_20201217_151839.jpg,Unhealthy,group-00683,development
Basil_Plant_Unhealthy/IMG_20201217_151841.jpg,Unhealthy,group-00684,development
Basil_Plant_Unhealthy/IMG_20201217_151841_1.jpg,Unhealthy,group-00685,development
Basil_Plant_Unhealthy/IMG_20201217_151842.jpg,Unhealthy,group-00686,test
Basil_Plant_Unhealthy/IMG_20201217_151843.jpg,Unhealthy,group-00687,development
Basil_Plant_Unhealthy/IMG_20201217_151844.jpg,Unhealthy,group-00688,development
Basil_Plant_Unhealthy/IMG_20201217_151845.jpg,Unhealthy,group-00689,development
Basil_Plant_Unhealthy/IMG_20201217_151846.jpg,Unhealthy,group-00690,development
Basil_Plant_Unhealthy/IMG_20201217_151847.jpg,Unhealthy,group-00691,development
Basil_Plant_Unhealthy/IMG_20201217_151849.jpg,Unhealthy,group-00692,development
Basil_Plant_Unhealthy/IMG_20201217_151850.jpg,Unhealthy,group-00693,development
Basil_Plant_Unhealthy/IMG_20201217_151852.jpg,Unhealthy,group-00696,development
Basil_Plant_Unhealthy/IMG_20201217_151853.jpg,Unhealthy,group-00696,development
Basil_Plant_Unhealthy/IMG_20201217_151854.jpg,Unhealthy,group-00696,development
Basil_Plant_Unhealthy/IMG_20201217_151855.jpg,Unhealthy,group-00697,development
Basil_Plant_Unhealthy/IMG_20201217_151857.jpg,Unhealthy,group-00698,development
Basil_Plant_Unhealthy/IMG_20201217_151858.jpg,Unhealthy,group-00699,development
Basil_Plant_Unhealthy/IMG_20201217_151906.jpg,Unhealthy,group-00700,development
Basil_Plant_Unhealthy/IMG_20201217_151907.jpg,Unhealthy,group-00701,development
Basil_Plant_Unhealthy/IMG_20201217_151908.jpg,Unhealthy,group-00702,development
Basil_Plant_Unhealthy/IMG_20201217_151909.jpg,Unhealthy,group-00703,development
Basil_Plant_Unhealthy/IMG_20201217_151910.jpg,Unhealthy,group-00704,development
Basil_Plant_Unhealthy/IMG_20201217_151911.jpg,Unhealthy,group-00707,development
Basil_Plant_Unhealthy/IMG_20201217_151913.jpg,Unhealthy,group-00707,development
Basil_Plant_Unhealthy/IMG_20201217_151913_1.jpg,Unhealthy,group-00707,development
Basil_Plant_Unhealthy/IMG_20201217_151915.jpg,Unhealthy,group-00708,test
Basil_Plant_Unhealthy/IMG_20201217_151916.jpg,Unhealthy,group-00709,development
Basil_Plant_Unhealthy/IMG_20201217_151917.jpg,Unhealthy,group-00710,development
Basil_Plant_Unhealthy/IMG_20201217_151918.jpg,Unhealthy,group-00711,development
Basil_Plant_Unhealthy/IMG_20201217_151920.jpg,Unhealthy,group-00712,development
Basil_Plant_Unhealthy/IMG_20201217_151920_1.jpg,Unhealthy,group-00713,development
Basil_Plant_Unhealthy/IMG_20201217_151922.jpg,Unhealthy,group-00714,development
Basil_Plant_Unhealthy/IMG_20201217_151924.jpg,Unhealthy,group-00715,development
Basil_Plant_Unhealthy/IMG_20201217_151926.jpg,Unhealthy,group-00716,development
Basil_Plant_Unhealthy/IMG_20201217_151927.jpg,Unhealthy,group-00717,test
Basil_Plant_Unhealthy/IMG_20201217_151928.jpg,Unhealthy,group-00718,test
Basil_Plant_Unhealthy/IMG_20201217_151929.jpg,Unhealthy,group-00719,development
Basil_Plant_Unhealthy/IMG_20201217_151930.jpg,Unhealthy,group-00720,development
Basil_Plant_Unhealthy/IMG_20201217_151931.jpg,Unhealthy,group-00721,test
Basil_Plant_Unhealthy/IMG_20201217_151932.jpg,Unhealthy,group-00722,development
Basil_Plant_Unhealthy/IMG_20201217_151933.jpg,Unhealthy,group-00723,development
Basil_Plant_Unhealthy/IMG_20201217_151936.jpg,Unhealthy,group-00724,development
Basil_Plant_Unhealthy/IMG_20201217_151937.jpg,Unhealthy,group-00731,development
Basil_Plant_Unhealthy/IMG_20201217_151938.jpg,Unhealthy,group-00731,development
Basil_Plant_Unhealthy/IMG_20201217_151939.jpg,Unhealthy,group-00731,development
Basil_Plant_Unhealthy/IMG_20201217_151940.jpg,Unhealthy,group-00731,development
Basil_Plant_Unhealthy/IMG_20201217_151941.jpg,Unhealthy,group-00731,development
Basil_Plant_Unhealthy/IMG_20201217_151942.jpg,Unhealthy,group-00731,development
Basil_Plant_Unhealthy/IMG_20201217_151943.jpg,Unhealthy,group-00731,development
Basil_Plant_Unhealthy/IMG_20201217_151950.jpg,Unhealthy,group-00734,development
Basil_Plant_Unhealthy/IMG_20201217_151952.jpg,Unhealthy,group-00734,development
Basil_Plant_Unhealthy/IMG_20201217_151952_1.jpg,Unhealthy,group-00734,development
Basil_Plant_Unhealthy/IMG_20201217_151953.jpg,Unhealthy,group-00735,development
Basil_Plant_Unhealthy/IMG_20201217_151956.jpg,Unhealthy,group-00737,test
Basil_Plant_Unhealthy/IMG_20201217_151957.jpg,Unhealthy,group-00737,test
Basil_Plant_Unhealthy/IMG_20201217_152000.jpg,Unhealthy,group-00738,development
Basil_Plant_Unhealthy/IMG_20201217_152001.jpg,Unhealthy,group-00739,development
Basil_Plant_Unhealthy/IMG_20201217_152004.jpg,Unhealthy,group-00744,development
Basil_Plant_Unhealthy/IMG_20201217_152005.jpg,Unhealthy,group-00744,development
Basil_Plant_Unhealthy/IMG_20201217_152007.jpg,Unhealthy,group-00744,development
Basil_Plant_Unhealthy/IMG_20201217_152008.jpg,Unhealthy,group-00744,development
Basil_Plant_Unhealthy/IMG_20201217_152009.jpg,Unhealthy,group-00744,development
Basil_Plant_Unhealthy/IMG_20201217_152012.jpg,Unhealthy,group-00746,development
Basil_Plant_Unhealthy/IMG_20201217_152013.jpg,Unhealthy,group-00746,development
Basil_Plant_Unhealthy/IMG_20201217_152014.jpg,Unhealthy,group-00747,development
Basil_Plant_Unhealthy/IMG_20201217_152015.jpg,Unhealthy,group-00748,development
Basil_Plant_Unhealthy/IMG_20201217_152015_1.jpg,Unhealthy,group-00750,test
Basil_Plant_Unhealthy/IMG_20201217_152017.jpg,Unhealthy,group-00750,test
Basil_Plant_Unhealthy/IMG_20201217_152018.jpg,Unhealthy,group-00751,development
Basil_Plant_Unhealthy/IMG_20201217_152019.jpg,Unhealthy,group-00752,development
Basil_Plant_Unhealthy/IMG_20201217_152021.jpg,Unhealthy,group-00753,development
Basil_Plant_Unhealthy/IMG_20201217_152021_1.jpg,Unhealthy,group-00754,development
Basil_Plant_Unhealthy/IMG_20201217_152022.jpg,Unhealthy,group-00755,development
Basil_Plant_Unhealthy/IMG_20201217_152024.jpg,Unhealthy,group-00756,development
Basil_Plant_Unhealthy/IMG_20201217_152025.jpg,Unhealthy,group-00757,development
Basil_Plant_Unhealthy/IMG_20201217_152027.jpg,Unhealthy,group-00760,development
Basil_Plant_Unhealthy/IMG_20201217_152028.jpg,Unhealthy,group-00760,development
Basil_Plant_Unhealthy/IMG_20201217_152029.jpg,Unhealthy,group-00760,development
Basil_Plant_Unhealthy/IMG_20201217_152030.jpg,Unhealthy,group-00761,development
Basil_Plant_Unhealthy/IMG_20201217_152031.jpg,Unhealthy,group-00762,development
Basil_Plant_Unhealthy/IMG_20201217_152032.jpg,Unhealthy,group-00763,development
Basil_Plant_Unhealthy/IMG_20201217_152034.jpg,Unhealthy,group-00764,development
Basil_Plant_Unhealthy/IMG_20201217_152035.jpg,Unhealthy,group-00766,development
Basil_Plant_Unhealthy/IMG_20201217_152036.jpg,Unhealthy,group-00766,development
Basil_Plant_Unhealthy/IMG_20201217_152037.jpg,Unhealthy,group-00767,test
Basil_Plant_Unhealthy/IMG_20201217_152037_1.jpg,Unhealthy,group-00768,development
Basil_Plant_Unhealthy/IMG_20201217_152039.jpg,Unhealthy,group-00769,development
Basil_Plant_Unhealthy/IMG_20201217_152041.jpg,Unhealthy,group-00770,development
Basil_Plant_Unhealthy/IMG_20201217_152042.jpg,Unhealthy,group-00771,development
Basil_Plant_Unhealthy/IMG_20201217_152046.jpg,Unhealthy,group-00774,development
Basil_Plant_Unhealthy/IMG_20201217_152048.jpg,Unhealthy,group-00774,development
Basil_Plant_Unhealthy/IMG_20201217_152049.jpg,Unhealthy,group-00774,development
Basil_Plant_Unhealthy/IMG_20201217_152050.jpg,Unhealthy,group-00775,development
Basil_Plant_Unhealthy/IMG_20201217_152051.jpg,Unhealthy,group-00776,development
Basil_Plant_Unhealthy/IMG_20201217_152052.jpg,Unhealthy,group-00777,test
Basil_Plant_Unhealthy/IMG_20201217_152052_1.jpg,Unhealthy,group-00778,development
Basil_Plant_Unhealthy/IMG_20201217_152054.jpg,Unhealthy,group-00779,test
Basil_Plant_Unhealthy/IMG_20201217_152054_1.jpg,Unhealthy,group-00782,test
Basil_Plant_Unhealthy/IMG_20201217_152056.jpg,Unhealthy,group-00782,test
Basil_Plant_Unhealthy/IMG_20201217_152056_1.jpg,Unhealthy,group-00782,test
Basil_Plant_Unhealthy/IMG_20201217_152058.jpg,Unhealthy,group-00783,development
Basil_Plant_Unhealthy/IMG_20201217_152059.jpg,Unhealthy,group-00784,development
Basil_Plant_Unhealthy/IMG_20201217_152101.jpg,Unhealthy,group-00785,development
Basil_Plant_Unhealthy/IMG_20201217_152102.jpg,Unhealthy,group-00786,test
Basil_Plant_Unhealthy/IMG_20201217_152106.jpg,Unhealthy,group-00789,development
Basil_Plant_Unhealthy/IMG_20201217_152107.jpg,Unhealthy,group-00789,development
Basil_Plant_Unhealthy/IMG_20201217_152107_1.jpg,Unhealthy,group-00789,development
Basil_Plant_Unhealthy/IMG_20201217_152108.jpg,Unhealthy,group-00791,test
Basil_Plant_Unhealthy/IMG_20201217_152109.jpg,Unhealthy,group-00791,test
Basil_Plant_Unhealthy/IMG_20201217_152111.jpg,Unhealthy,group-00793,development
Basil_Plant_Unhealthy/IMG_20201217_152112.jpg,Unhealthy,group-00793,development
Basil_Plant_Unhealthy/IMG_20201217_152116.jpg,Unhealthy,group-00794,development
Basil_Plant_Unhealthy/IMG_20201217_152118.jpg,Unhealthy,group-00801,test
Basil_Plant_Unhealthy/IMG_20201217_152118_1.jpg,Unhealthy,group-00801,test
Basil_Plant_Unhealthy/IMG_20201217_152119.jpg,Unhealthy,group-00801,test
Basil_Plant_Unhealthy/IMG_20201217_152121.jpg,Unhealthy,group-00801,test
Basil_Plant_Unhealthy/IMG_20201217_152122.jpg,Unhealthy,group-00801,test
Basil_Plant_Unhealthy/IMG_20201217_152123.jpg,Unhealthy,group-00801,test
Basil_Plant_Unhealthy/IMG_20201217_152124.jpg,Unhealthy,group-00801,test
Basil_Plant_Unhealthy/IMG_20201217_152138.jpg,Unhealthy,group-00802,test
Basil_Plant_Unhealthy/IMG_20201217_152142.jpg,Unhealthy,group-00804,development
Basil_Plant_Unhealthy/IMG_20201217_152143.jpg,Unhealthy,group-00804,development
Basil_Plant_Unhealthy/IMG_20201217_152144.jpg,Unhealthy,group-00806,development
Basil_Plant_Unhealthy/IMG_20201217_152145.jpg,Unhealthy,group-00806,development
Basil_Plant_Unhealthy/IMG_20201217_152146.jpg,Unhealthy,group-00808,development
Basil_Plant_Unhealthy/IMG_20201217_152146_1.jpg,Unhealthy,group-00808,development
Basil_Plant_Unhealthy/IMG_20201217_152149.jpg,Unhealthy,group-00812,development
Basil_Plant_Unhealthy/IMG_20201217_152151.jpg,Unhealthy,group-00812,development
Basil_Plant_Unhealthy/IMG_20201217_152153.jpg,Unhealthy,group-00812,development
Basil_Plant_Unhealthy/IMG_20201217_152154.jpg,Unhealthy,group-00812,development
Basil_Plant_Unhealthy/IMG_20201217_152203.jpg,Unhealthy,group-00813,development
Basil_Plant_Unhealthy/IMG_20201217_152204.jpg,Unhealthy,group-00814,development
Basil_Plant_Unhealthy/IMG_20201217_152207.jpg,Unhealthy,group-00815,development
Basil_Plant_Unhealthy/IMG_20201217_152210.jpg,Unhealthy,group-00816,development
Basil_Plant_Unhealthy/IMG_20201217_152212.jpg,Unhealthy,group-00817,development
Basil_Plant_Unhealthy/IMG_20201217_152216.jpg,Unhealthy,group-00818,development
Basil_Plant_Unhealthy/IMG_20201217_152217.jpg,Unhealthy,group-00819,development
Basil_Plant_Unhealthy/IMG_20201217_152218.jpg,Unhealthy,group-00820,development
Basil_Plant_Unhealthy/IMG_20201217_152219.jpg,Unhealthy,group-00821,test
Basil_Plant_Unhealthy/IMG_20201217_152221.jpg,Unhealthy,group-00822,development
Basil_Plant_Unhealthy/IMG_20201217_152345.jpg,Unhealthy,group-00823,development
Basil_Plant_Unhealthy/IMG_20201217_152347.jpg,Unhealthy,group-00824,development
Basil_Plant_Unhealthy/IMG_20201217_152348.jpg,Unhealthy,group-00825,test
Basil_Plant_Unhealthy/IMG_20201217_152349.jpg,Unhealthy,group-00826,development
Basil_Plant_Unhealthy/IMG_20201217_152350.jpg,Unhealthy,group-00827,development
Basil_Plant_Unhealthy/IMG_20201217_152351.jpg,Unhealthy,group-00828,development
Basil_Plant_Unhealthy/IMG_20201217_152352.jpg,Unhealthy,group-00829,development
Basil_Plant_Unhealthy/IMG_20201217_152353.jpg,Unhealthy,group-00830,test
Basil_Plant_Unhealthy/IMG_20201217_152354.jpg,Unhealthy,group-00832,development
Basil_Plant_Unhealthy/IMG_20201217_152354_1.jpg,Unhealthy,group-00832,development
Basil_Plant_Unhealthy/IMG_20201217_152357.jpg,Unhealthy,group-00833,development
Basil_Plant_Unhealthy/IMG_20201217_152359.jpg,Unhealthy,group-00834,development
Basil_Plant_Unhealthy/IMG_20201217_152400.jpg,Unhealthy,group-00835,test
Basil_Plant_Unhealthy/IMG_20201217_152403.jpg,Unhealthy,group-00836,development
Basil_Plant_Unhealthy/IMG_20201217_152411.jpg,Unhealthy,group-00837,development
Basil_Plant_Unhealthy/IMG_20201217_152413.jpg,Unhealthy,group-00838,development
Basil_Plant_Unhealthy/IMG_20201217_152420.jpg,Unhealthy,group-00839,development
Basil_Plant_Unhealthy/IMG_20201217_152421.jpg,Unhealthy,group-00842,development
Basil_Plant_Unhealthy/IMG_20201217_152423.jpg,Unhealthy,group-00842,development
Basil_Plant_Unhealthy/IMG_20201217_152424.jpg,Unhealthy,group-00842,development
Basil_Plant_Unhealthy/IMG_20201217_152424_1.jpg,Unhealthy,group-00844,development
Basil_Plant_Unhealthy/IMG_20201217_152425.jpg,Unhealthy,group-00844,development
Basil_Plant_Unhealthy/IMG_20201217_152426.jpg,Unhealthy,group-00845,development
Basil_Plant_Unhealthy/IMG_20201217_152429.jpg,Unhealthy,group-00846,development
Basil_Plant_Unhealthy/IMG_20201217_152430.jpg,Unhealthy,group-00847,development
Basil_Plant_Unhealthy/IMG_20201217_152431.jpg,Unhealthy,group-00848,development
Basil_Plant_Unhealthy/IMG_20201217_152439.jpg,Unhealthy,group-00849,development
Basil_Plant_Unhealthy/IMG_20201217_152441.jpg,Unhealthy,group-00850,test
Basil_Plant_Unhealthy/IMG_20201217_152444.jpg,Unhealthy,group-00855,development
Basil_Plant_Unhealthy/IMG_20201217_152445.jpg,Unhealthy,group-00855,development
Basil_Plant_Unhealthy/IMG_20201217_152446.jpg,Unhealthy,group-00855,development
Basil_Plant_Unhealthy/IMG_20201217_152447.jpg,Unhealthy,group-00855,development
Basil_Plant_Unhealthy/IMG_20201217_152448.jpg,Unhealthy,group-00855,development
Basil_Plant_Unhealthy/IMG_20201217_152452.jpg,Unhealthy,group-00856,development
Basil_Plant_Unhealthy/IMG_20201217_152457.jpg,Unhealthy,group-00859,development
Basil_Plant_Unhealthy/IMG_20201217_152458.jpg,Unhealthy,group-00859,development
Basil_Plant_Unhealthy/IMG_20201217_152500.jpg,Unhealthy,group-00859,development
Basil_Plant_Unhealthy/IMG_20201217_152502.jpg,Unhealthy,group-00860,development
Basil_Plant_Unhealthy/IMG_20201217_152509.jpg,Unhealthy,group-00861,development
Basil_Plant_Unhealthy/IMG_20201217_152510.jpg,Unhealthy,group-00862,development
Basil_Plant_Unhealthy/IMG_20201217_152515.jpg,Unhealthy,group-00865,development
Basil_Plant_Unhealthy/IMG_20201217_152516.jpg,Unhealthy,group-00865,development
Basil_Plant_Unhealthy/IMG_20201217_152517.jpg,Unhealthy,group-00865,development
Basil_Plant_Unhealthy/IMG_20201217_152520.jpg,Unhealthy,group-00866,test
Basil_Plant_Unhealthy/IMG_20201217_152521.jpg,Unhealthy,group-00867,development
Basil_Plant_Unhealthy/IMG_20201217_152523.jpg,Unhealthy,group-00868,development
Basil_Plant_Unhealthy/IMG_20201217_152527.jpg,Unhealthy,group-00869,development
Basil_Plant_Unhealthy/IMG_20201217_152530.jpg,Unhealthy,group-00873,development
Basil_Plant_Unhealthy/IMG_20201217_152531.jpg,Unhealthy,group-00873,development
Basil_Plant_Unhealthy/IMG_20201217_152532.jpg,Unhealthy,group-00873,development
Basil_Plant_Unhealthy/IMG_20201217_152532_1.jpg,Unhealthy,group-00873,development
Basil_Plant_Unhealthy/IMG_20201217_152534.jpg,Unhealthy,group-00874,development
Basil_Plant_Unhealthy/IMG_20201217_152535.jpg,Unhealthy,group-00875,development
Basil_Plant_Unhealthy/IMG_20201217_152537.jpg,Unhealthy,group-00879,test
Basil_Plant_Unhealthy/IMG_20201217_152538.jpg,Unhealthy,group-00879,test
Basil_Plant_Unhealthy/IMG_20201217_152538_1.jpg,Unhealthy,group-00879,test
Basil_Plant_Unhealthy/IMG_20201217_152539.jpg,Unhealthy,group-00879,test
Basil_Plant_Unhealthy/IMG_20201217_152540.jpg,Unhealthy,group-00881,development
Basil_Plant_Unhealthy/IMG_20201217_152542.jpg,Unhealthy,group-00881,development
Basil_Plant_Unhealthy/IMG_20201217_152548.jpg,Unhealthy,group-00882,development
Basil_Plant_Unhealthy/IMG_20201217_152549.jpg,Unhealthy,group-00883,test
Basil_Plant_Unhealthy/IMG_20201217_152550.jpg,Unhealthy,group-00889,development
Basil_Plant_Unhealthy/IMG_20201217_152551.jpg,Unhealthy,group-00889,development
Basil_Plant_Unhealthy/IMG_20201217_152554.jpg,Unhealthy,group-00889,development
Basil_Plant_Unhealthy/IMG_20201217_152555.jpg,Unhealthy,group-00889,development
Basil_Plant_Unhealthy/IMG_20201217_152556.jpg,Unhealthy,group-00889,development
Basil_Plant_Unhealthy/IMG_20201217_152557.jpg,Unhealthy,group-00889,development
Basil_Plant_Unhealthy/IMG_20201217_152602.jpg,Unhealthy,group-00890,development
Basil_Plant_Unhealthy/IMG_20201217_152608.jpg,Unhealthy,group-00896,development
Basil_Plant_Unhealthy/IMG_20201217_152609.jpg,Unhealthy,group-00896,development
Basil_Plant_Unhealthy/IMG_20201217_152610.jpg,Unhealthy,group-00896,development
Basil_Plant_Unhealthy/IMG_20201217_152611.jpg,Unhealthy,group-00896,development
Basil_Plant_Unhealthy/IMG_20201217_152612.jpg,Unhealthy,group-00896,development
Basil_Plant_Unhealthy/IMG_20201217_152614.jpg,Unhealthy,group-00896,development
Basil_Plant_Unhealthy/IMG_20201217_152618.jpg,Unhealthy,group-00897,development
