path,folder,label,region,filename,extension,file_bytes,width,height,aspect_ratio,pixels,sha256,pixel_sha256,mean_r,mean_g,mean_b,label_encoded,region_encoded,region_Amravati,region_Nagpur,region_Pune,region_Unknown
Nagpur_Region_Basil_Plant_Healthy/IMG_20191104_121438.jpg,Nagpur_Region_Basil_Plant_Healthy,Healthy,Nagpur,IMG_20191104_121438.jpg,.jpg,20476,300,300,1.0,90000,d5d85d05428bb03fd01784dba3813355a4ccd100dd94a51f72237571477eb432,8afcd148ca238c92ea0242906f71fb033d82504987af2e6af3e59f138e0bea25,130.69256666666666,138.0177111111111,97.07304444444443,0,1,False,True,False,False
Nagpur_Region_Basil_Plant_Healthy/IMG_20191104_121800.jpg,Nagpur_Region_Basil_Plant_Healthy,Healthy,Nagpur,IMG_20191104_121800.jpg,.jpg,16157,300,300,1.0,90000,5d8ff030065708989b8ddef9ebc40d99f4c4e9fe2c1bbc1029daef75c5b961ea,83c307fd9fad95e3869596f7226bcb2a923b60a486834bc706be8f63e36213b8,134.9623,150.29983333333334,94.36848888888888,0,1,False,True,False,False
Pune_Region_Basil_Plant_Healthy/IMG_20190904_205248.jpg,Pune_Region_Basil_Plant_Healthy,Healthy,Pune,IMG_20190904_205248.jpg,.jpg,15929,300,300,1.0,90000,f3ebf9f82aae80465b1e7a7ccd3b70a3269f7741e5c6d948e635a1d738839b49,5f6b04693b6863507dac6c10952bd377f985e5ad4a0e1431371a6ed00b185c1f,127.37007777777778,130.0089,101.56914444444443,0,2,False,False,True,False
Pune_Region_Basil_Plant_Healthy/IMG_20190908_172400.jpg,Pune_Region_Basil_Plant_Healthy,Healthy,Pune,IMG_20190908_172400.jpg,.jpg,21980,300,300,1.0,90000,87419b0170420409bd8cbc6929d8c6fbb49edbfb2cc1ed9147bbcf74464b1c44,7a3eeb1f721dab01fc3b4be26b8909252d6711c62b681c6fce92961969dbb82f,128.7243777777778,122.41148888888888,99.8512,0,2,False,False,True,False
Nagpur_Region_Basil_Plant_Healthy/IMG_20191022_165225.jpg,Nagpur_Region_Basil_Plant_Healthy,Healthy,Nagpur,IMG_20191022_165225.jpg,.jpg,18982,300,300,1.0,90000,3ab96cda2197513e394c6d97feaa495b7f02c23a50548ceff9d82c30d6b23190,365c435926c4bf2d0e83031705542989cee308f5f591fb4b5de6680df7d28609,124.80156666666667,122.42392222222222,90.84354444444445,0,1,False,True,False,False
Nagpur_Region_Basil_Plant_Healthy/IMG_20191104_121320.jpg,Nagpur_Region_Basil_Plant_Healthy,Healthy,Nagpur,IMG_20191104_121320.jpg,.jpg,22360,300,300,1.0,90000,df6e2967f7db6f48464acb498abca3aa9b502a52593ccc06a85c72bc82f518c7,a223115af46e6bcf9c13f8494eb0769f0da906ad7109b24cd2a51fe2a2f481f0,135.47348888888888,127.48422222222224,106.77537777777778,0,1,False,True,False,False
Nagpur_Region_Basil_Plant_Healthy/IMG_20190920_182219.jpg,Nagpur_Region_Basil_Plant_Healthy,Healthy,Nagpur,IMG_20190920_182219.jpg,.jpg,15975,300,300,1.0,90000,05001c36670b449d2d93d073cb6bd86ad560175c7f1f9aee4ddc9297acffa584,76a0cd2c3803332b49c55964bd9c34a853621701de58614111e7309b4be28cea,118.59414444444444,128.38253333333333,94.73002222222222,0,1,False,True,False,False
Nagpur_Region_Basil_Plant_Healthy/IMG_20191104_104317.jpg,Nagpur_Region_Basil_Plant_Healthy,Healthy,Nagpur,IMG_20191104_104317.jpg,.jpg,18512,300,300,1.0,90000,410ccead7193fd77d21ffad0936cfe732445f0bdfc36d93176a53838bd4a851d,84d36d2dd8ff245c0c04c71a86f3b7e151d1de42abb004f45e4d830f1b2110d8,166.24104444444444,164.39006666666666,146.07564444444444,0,1,False,True,False,False
Pune_Region_Basil_Plant_Healthy/IMG_20190908_171919.jpg,Pune_Region_Basil_Plant_Healthy,Healthy,Pune,IMG_20190908_171919.jpg,.jpg,27239,300,300,1.0,90000,7dc54aa4fd5e52d3558a9d778d48939061a477065473f8d9e8eb0b14468cfa33,b5157e704210f22b01f09d534d7ec27c92c0c47b9bfcfada08b083caace82660,140.80262222222223,141.2522,117.81114444444444,0,2,False,False,True,False
Nagpur_Region_Basil_Plant_Healthy/IMG_20191104_104334.jpg,Nagpur_Region_Basil_Plant_Healthy,Healthy,Nagpur,IMG_20191104_104334.jpg,.jpg,15485,300,300,1.0,90000,0bc94802d236d39358b32638b3ace79f8a1e83b79d8ca06bcf8558e8c4151a13,d1967766f813f9a95936baafca59ba047ad85656187a5dfa627dcd11fd91b45d,161.97598888888888,154.14215555555555,134.95592222222223,0,1,False,True,False,False
Nagpur_Region_Basil_Plant_Healthy/IMG-20191027-WA0064.jpg,Nagpur_Region_Basil_Plant_Healthy,Healthy,Nagpur,IMG-20191027-WA0064.jpg,.jpg,11276,300,300,1.0,90000,2723b27145d041f5f2cc02705dab9937f18666717a20562a5477e44fee64e564,261c8ff6e75d0f8c130b4bf71c0066388e81573beb1c8c9983d6ec9ea5357e8b,197.9188333333333,210.6836333333333,180.11978888888888,0,1,False,True,False,False
Nagpur_Region_Basil_Plant_Healthy/IMG_20191104_121303.jpg,Nagpur_Region_Basil_Plant_Healthy,Healthy,Nagpur,IMG_20191104_121303.jpg,.jpg,18713,300,300,1.0,90000,b0bd1febf710ab4b0928d3e21065b1ba828ef0a3b28780ae7614dadb720f0e7b,56ea3664d5fae79ee075af90435cbec2da9b16f34f2b559d6a32d7e0f9cff621,118.6161,110.47595555555556,92.15042222222222,0,1,False,True,False,False
Pune_Region_Basil_Plant_Healthy/IMG_20190908_171648.jpg,Pune_Region_Basil_Plant_Healthy,Healthy,Pune,IMG_20190908_171648.jpg,.jpg,27113,300,300,1.0,90000,c81a186e42d693d544be25534e9e5718d6bded4c7dfb4188088c68ffbfe9a3ad,15d1e35a9457b835e1cf22b0756ecc1ef1e35f0ab809afbe3fd6ffbafdbad9f7,147.54538888888888,147.9688888888889,124.99743333333332,0,2,False,False,True,False
Pune_Region_Basil_Plant_Healthy/IMG_20190908_172941.jpg,Pune_Region_Basil_Plant_Healthy,Healthy,Pune,IMG_20190908_172941.jpg,.jpg,17260,300,300,1.0,90000,d437a3074ba803304bad42ab7e2408bc71e8db33375e7fa2d15022f4411f5057,f635bf77edd926b8ae791995055ec3bd0eaad29afba9a1f4bba38a73704e2556,145.67126666666667,138.02425555555556,124.29301111111111,0,2,False,False,True,False
Nagpur_Region_Basil_Plant_Healthy/IMG_20191104_121549.jpg,Nagpur_Region_Basil_Plant_Healthy,Healthy,Nagpur,IMG_20191104_121549.jpg,.jpg,16227,300,300,1.0,90000,1ed60ece8247086687115fc8c81abd7e8c788dd2867bbc93c69377c39643a2d0,528ddd3679529dd772cd5f378b7c594975e5c5a8b83c9169386f062b83a7c9f2,114.88293333333333,126.6173111111111,93.14157777777778,0,1,False,True,False,False
Nagpur_Region_Basil_Plant_Healthy/IMG_20191104_104653.jpg,Nagpur_Region_Basil_Plant_Healthy,Healthy,Nagpur,IMG_20191104_104653.jpg,.jpg,22134,300,300,1.0,90000,a6fd0004f757849f6016a59f53eff43c3ee4dce8db217c08d46deadb45ef3e62,4655f29807f49441ee2cec562489397558b46271c44c6249420ffbc932b8273d,149.89644444444446,151.85295555555555,144.49252222222222,0,1,False,True,False,False
Nagpur_Region_Basil_Plant_Healthy/IMG_20191104_121735.jpg,Nagpur_Region_Basil_Plant_Healthy,Healthy,Nagpur,IMG_20191104_121735.jpg,.jpg,19061,300,300,1.0,90000,d9d4ea11bbe97dcf8e6dcdf6e87c053bbc24fd7aa0bdadad6071530722981971,c7d5853f4405494bf915e4d609980d7d034ba66ba2c306a45febc0ce6fbe52e1,142.20415555555556,156.52062222222222,115.52315555555556,0,1,False,True,False,False
Nagpur_Region_Basil_Plant_Healthy/IMG_20191104_104748.jpg,Nagpur_Region_Basil_Plant_Healthy,Healthy,Nagpur,IMG_20191104_104748.jpg,.jpg,16223,300,300,1.0,90000,b9218824031f955a2b870acfa06ae55318a1db96f628a7ff95aabab4eedbf188,37a2f7463e06ffaeec0c577ea8402ecf2a010680d0ee7054f38f208204eef770,166.65571111111112,165.44163333333333,152.24343333333334,0,1,False,True,False,False
Nagpur_Region_Basil_Plant_Healthy/IMG_20190920_182045.jpg,Nagpur_Region_Basil_Plant_Healthy,Healthy,Nagpur,IMG_20190920_182045.jpg,.jpg,15050,300,300,1.0,90000,90fb8a11caa5f5b6f9c00373891a27aa016276a1719816e681cc3de9511f1d77,e6f4fa0cd570ec1efd4a4b1cc06664aa6b9185dd7668ab670477dd6d59e55cd1,142.9133111111111,137.8272,128.27763333333334,0,1,False,True,False,False
Nagpur_Region_Basil_Plant_Healthy/IMG_20190923_181612.jpg,Nagpur_Region_Basil_Plant_Healthy,Healthy,Nagpur,IMG_20190923_181612.jpg,.jpg,17606,300,300,1.0,90000,e736de440fff940373d09728a0f2de8180dee15f88f3abaaa7ac3a93d4075ff8,3277767e631bd45e19174e3e72180f9c158794f4041011b15c8d059b212a2527,136.9385111111111,139.9940333333333,128.82664444444444,0,1,False,True,False,False
Nagpur_Region_Basil_Plant_Healthy/IMG_20191104_121454.jpg,Nagpur_Region_Basil_Plant_Healthy,Healthy,Nagpur,IMG_20191104_121454.jpg,.jpg,16492,300,300,1.0,90000,9e5ab2973e1ae667401a8f6c70b9a2594239753230b4a5e0388b9a2fa0cd694d,dfb0f2b93f65f8fd83bb9064b239615b9d3cd02e3bbc88f1ac2bc06a000b090a,108.48802222222224,121.77255555555556,86.25437777777778,0,1,False,True,False,False
Pune_Region_Basil_Plant_Healthy/IMG_20190908_172032.jpg,Pune_Region_Basil_Plant_Healthy,Healthy,Pune,IMG_20190908_172032.jpg,.jpg,23462,300,300,1.0,90000,8981d2c0740230c2f52ea347bdc98044464893dcb1eced3ef90b98a06ee5ec28,c019c3f522d1154c161f4905264cd907e76d0b39925e6f628178c02c5f6c3060,141.9327888888889,134.21391111111112,124.27131111111112,0,2,False,False,True,False
Nagpur_Region_Basil_Plant_Healthy/IMG_20191104_104808.jpg,Nagpur_Region_Basil_Plant_Healthy,Healthy,Nagpur,IMG_20191104_104808.jpg,.jpg,16912,300,300,1.0,90000,606d06bc2dd5350c65e3382bacb993cb28adf1581199477549b31055fd9c0ba2,78c2783943ae3067687b9cd7669ee982712e5720a32a41d8560c68d0e232c9a8,167.9772,173.2342,145.7985,0,1,False,True,False,False
Nagpur_Region_Basil_Plant_Healthy/IMG_20190920_182215.jpg,Nagpur_Region_Basil_Plant_Healthy,Healthy,Nagpur,IMG_20190920_182215.jpg,.jpg,14229,300,300,1.0,90000,4e6231a51422115cecd101c64a31c9a59e196b8fce068a4074142599cce41c34,99d79d697ff163dbcecb233255667567c0daf4a992d2c0446bf1e26467e91865,126.37858888888888,138.91767777777778,94.43317777777776,0,1,False,True,False,False
Nagpur_Region_Basil_Plant_Healthy/IMG_20191104_104616.jpg,Nagpur_Region_Basil_Plant_Healthy,Healthy,Nagpur,IMG_20191104_104616.jpg,.jpg,18290,300,300,1.0,90000,4aa22a4e5c69b0f29d7516fe7cf7a1ace719389048d93366d7cc59f4946c38e0,42ef8f7edb690e1c6d3ef9bc952d9a0c452780929684c1935d544e91a05a65c1,174.60846666666666,176.4977888888889,161.54856666666666,0,1,False,True,False,False
Nagpur_Region_Basil_Plant_Healthy/IMG_20191104_121522.jpg,Nagpur_Region_Basil_Plant_Healthy,Healthy,Nagpur,IMG_20191104_121522.jpg,.jpg,16941,300,300,1.0,90000,c38332b9179c74bd90d734b202887d2b2d014d718c1860e8a8efd77860ae7619,23b415196d11dccd4ccc9774b2c39c2f6cff158b9c6ef723758b8e33e7742033,110.00886666666666,120.45312222222222,89.28722222222223,0,1,False,True,False,False
Nagpur_Region_Basil_Plant_Healthy/IMG_20191022_165103.jpg,Nagpur_Region_Basil_Plant_Healthy,Healthy,Nagpur,IMG_20191022_165103.jpg,.jpg,20326,300,300,1.0,90000,a3aaf1033f12a367f346fdac4826545211953781a36f5f6faa7d97aea843842c,33a10e2da279f3cce17bb4dd1c5417430d689b9ed4530bc820ca8178d9de96ef,126.79781111111112,125.00668888888887,97.04416666666668,0,1,False,True,False,False
Pune_Region_Basil_Plant_Healthy/IMG_20190908_171611.jpg,Pune_Region_Basil_Plant_Healthy,Healthy,Pune,IMG_20190908_171611.jpg,.jpg,22579,300,300,1.0,90000,aaced8c1e6b2008c2bab5aa7f208ce83438a68bc9f4c233b003428f25de42936,75fa3a7a89d7c0eefa0a56128e09621019d712b4a03307b03e75463a576b90d2,150.4774,169.87663333333333,121.53426666666668,0,2,False,False,True,False
Nagpur_Region_Basil_Plant_Healthy/IMG_20191104_121614.jpg,Nagpur_Region_Basil_Plant_Healthy,Healthy,Nagpur,IMG_20191104_121614.jpg,.jpg,13968,300,300,1.0,90000,0eb0ce7588541d99bc41c0f106b2d3f245aad5cc64abcc0065f58ca84d1b20af,2522a816a0444e94ab65fc3b1370fb2c3eb5653dad046dc96857b71e5ea20a1a,110.13491111111112,129.24063333333334,85.13707777777778,0,1,False,True,False,False
Nagpur_Region_Basil_Plant_Healthy/IMG-20191027-WA0056.jpg,Nagpur_Region_Basil_Plant_Healthy,Healthy,Nagpur,IMG-20191027-WA0056.jpg,.jpg,10238,300,300,1.0,90000,9a3a6c1cae2ef98d317c54482403f1ae016adfc3b202416ed5c1df445a1c6059,b0750c30dc9aba93cf5ef021139c9be4d56200ae64cdc9264765affa02a6cb5c,204.15566666666663,211.61062222222225,184.75143333333327,0,1,False,True,False,False
Nagpur_Region_Basil_Plant_Healthy/IMG_20191104_104628.jpg,Nagpur_Region_Basil_Plant_Healthy,Healthy,Nagpur,IMG_20191104_104628.jpg,.jpg,16992,300,300,1.0,90000,0d0a982a28f11c24d46d29c32c72ea8a9ccfd8cec3a30509b8b591c895bad6d7,45a271aeef5dfe7ba923bb2b892098be7711f8ff561af8f04fe9b875bab0677c,148.75627777777777,154.10113333333334,144.09055555555557,0,1,False,True,False,False
Nagpur_Region_Basil_Plant_Healthy/IMG_20190920_182100.jpg,Nagpur_Region_Basil_Plant_Healthy,Healthy,Nagpur,IMG_20190920_182100.jpg,.jpg,14914,300,300,1.0,90000,b0d730013ca292d2d8e2cf1bbaa0683b52e50fed8e5f5d4a01d0f9fda1cfeccb,22930819cb50e8bc9ecc92e2743a6c6d8f944e74bea23a1941bbbf367a630ce1,129.3078111111111,125.8756,117.12103333333332,0,1,False,True,False,False
Nagpur_Region_Basil_Plant_Healthy/IMG_20191104_121401.jpg,Nagpur_Region_Basil_Plant_Healthy,Healthy,Nagpur,IMG_20191104_121401.jpg,.jpg,23407,300,300,1.0,90000,4e672507e0e59926db377a0d7a04f2732c208573c73381cf3ff43bfeafaff327,3c0f74acf4b1873bcf1a3df3b8e1c84329ad91d69f9ee6a19f489c261c7f89d6,124.5235888888889,121.42627777777778,98.92573333333333,0,1,False,True,False,False
Pune_Region_Basil_Plant_Healthy/IMG_20190905_074644.jpg,Pune_Region_Basil_Plant_Healthy,Healthy,Pune,IMG_20190905_074644.jpg,.jpg,18290,300,300,1.0,90000,ca1ab533775a8a2e747c2292bff65431c7efc7579e9744e8c0217cc2309c5e94,0e336960eeaa3d635f60989ef33ea332612415bbe5fe24d03da26793fa42afcd,134.0638111111111,135.748,130.62385555555556,0,2,False,False,True,False
Nagpur_Region_Basil_Plant_Healthy/IMG_20190920_181225.jpg,Nagpur_Region_Basil_Plant_Healthy,Healthy,Nagpur,IMG_20190920_181225.jpg,.jpg,18949,300,300,1.0,90000,13922803addd6b79ab8ed815ee8d91e22c0d0a9bb8cd043cb466c35bc20ff453,b4052da489aebbf760e10e91e21af4fe1d9e9fd1b81668b1b65bd39e66f1934e,129.8841888888889,134.8239111111111,108.62427777777778,0,1,False,True,False,False
Pune_Region_Basil_Plant_Healthy/IMG_20190908_172327.jpg,Pune_Region_Basil_Plant_Healthy,Healthy,Pune,IMG_20190908_172327.jpg,.jpg,17978,300,300,1.0,90000,7228abdeb41b27309e9b5c173ecf637c8b98046d89c1d0963e9b415e12f8d57b,d6354990e055ea29ae421ed129a2ca18ee4d1ef46826a3ea81a7b0e4d27ab31d,121.13405555555556,122.42708888888887,94.85821111111112,0,2,False,False,True,False
Nagpur_Region_Basil_Plant_Healthy/WhatsApp Image 2019-09-11 at 17.40.20.jpg,Nagpur_Region_Basil_Plant_Healthy,Healthy,Nagpur,WhatsApp Image 2019-09-11 at 17.40.20.jpg,.jpg,21399,300,300,1.0,90000,3a4f4a16f44e1424c6a3fd679f2f1eab7dba07eaee4684819b4d033d03e8c75d,8ff90c0e09b1569f1df47ee1617222cd241301fccf42a2ebdd6316e7cfa51850,152.12904444444445,154.40454444444444,144.1635,0,1,False,True,False,False
Nagpur_Region_Basil_Plant_Healthy/IMG_20190920_182142.jpg,Nagpur_Region_Basil_Plant_Healthy,Healthy,Nagpur,IMG_20190920_182142.jpg,.jpg,16643,300,300,1.0,90000,ba13c5137dbb54a80fe5fefd241b951e8f6ea6ce9fd39ad83152bc4d92e7baa9,3ba372761bf0d0cba4d76f6cb433479f01c20bb81154875c3432073a4b778581,131.14257777777777,129.13858888888888,96.80637777777778,0,1,False,True,False,False
Nagpur_Region_Basil_Plant_Healthy/IMG_20191104_121612.jpg,Nagpur_Region_Basil_Plant_Healthy,Healthy,Nagpur,IMG_20191104_121612.jpg,.jpg,16886,300,300,1.0,90000,47379d88e1696eeaf72a13251e1bbb94b5b20fb04fb21c620ffdff43a260af3f,651f592dcb56d246f1ab2a9295341822ed98bd47c2371be2d37f679a099199f0,122.31907777777778,127.14094444444444,93.6451,0,1,False,True,False,False
Nagpur_Region_Basil_Plant_Healthy/IMG_20191022_165135.jpg,Nagpur_Region_Basil_Plant_Healthy,Healthy,Nagpur,IMG_20191022_165135.jpg,.jpg,13201,300,300,1.0,90000,d0f0155133a24e864f00876333fbf3098fef4b757fb368c57040ec194b72f26c,0a341999b21a5373e9e2d26a03deb096997c841734d1a9e140bdbf13a09a6b45,113.8003,127.51364444444444,87.0038,0,1,False,True,False,False
Nagpur_Region_Basil_Plant_Healthy/WhatsApp Image 2019-11-04 at 9.55.08 AM.jpg,Nagpur_Region_Basil_Plant_Healthy,Healthy,Nagpur,WhatsApp Image 2019-11-04 at 9.55.08 AM.jpg,.jpg,13004,300,300,1.0,90000,f59bf4f7b18837463d76717f47814dbeb4890934d6baa507110b57758572b923,7bc868641eb19fc2d192f03e5e3766f6080628491aa884c38de470aaf1837413,190.7966111111111,198.10484444444444,174.76575555555556,0,1,False,True,False,False
Nagpur_Region_Basil_Plant_Healthy/IMG_20191104_104652.jpg,Nagpur_Region_Basil_Plant_Healthy,Healthy,Nagpur,IMG_20191104_104652.jpg,.jpg,22103,300,300,1.0,90000,98e4fe5fb9c59603a3e6f400fd2a04b3987c931bb7c37fde88c4a8c0c9d27c64,1da625f28bc22f8aefe34157fdb114d301e1b7c58b3bd75c1125e2bdd5de35c6,149.9157,152.00776666666667,145.01836666666668,0,1,False,True,False,False
Nagpur_Region_Basil_Plant_Healthy/IMG_20191022_165357.jpg,Nagpur_Region_Basil_Plant_Healthy,Healthy,Nagpur,IMG_20191022_165357.jpg,.jpg,16901,300,300,1.0,90000,ae8335c1eb483bde47072862d301db1746bb3477323847437dffe6df5f6490da,789ea40b691236ebf907930bd54e30f7b8bcefca637b766be5221022717ebfd3,130.5788777777778,118.99198888888888,93.39711111111112,0,1,False,True,False,False
Nagpur_Region_Basil_Plant_Healthy/IMG_20191104_121430.jpg,Nagpur_Region_Basil_Plant_Healthy,Healthy,Nagpur,IMG_20191104_121430.jpg,.jpg,18911,300,300,1.0,90000,c7bd575b3c23c24c48015cddee9ceca2fa246aefcf3f2266d3d8fe1648b31083,62078747450123759a776d544da5aac99a8ba69e6cef359f92e7bfced4acd47a,118.44673333333331,119.92922222222222,90.5467,0,1,False,True,False,False
Pune_Region_Basil_Plant_Healthy/IMG_20190908_171742.jpg,Pune_Region_Basil_Plant_Healthy,Healthy,Pune,IMG_20190908_171742.jpg,.jpg,22893,300,300,1.0,90000,b26c2ad0b06816a4cf0582e1fc985bb53562df39d79990e87dd37fee09169ad9,1084b11a47eb4971113851b92e78bd402fb745f764849eee83037da6ac5b4aa2,152.0599777777778,159.78255555555555,122.71772222222222,0,2,False,False,True,False
Nagpur_Region_Basil_Plant_Healthy/IMG_20190920_182128.jpg,Nagpur_Region_Basil_Plant_Healthy,Healthy,Nagpur,IMG_20190920_182128.jpg,.jpg,13697,300,300,1.0,90000,a2bbb23d557e79a51ae29f630d0bef779ff7c5bc594367f700ca206a5fa95592,ccf8c089fe05a85ba780bd148745e770dadf0a422b2f840ca7003c77151247c8,157.79647777777777,153.60076666666666,135.7620777777778,0,1,False,True,False,False
Nagpur_Region_Basil_Plant_Healthy/IMG_20191104_104547.jpg,Nagpur_Region_Basil_Plant_Healthy,Healthy,Nagpur,IMG_20191104_104547.jpg,.jpg,22715,300,300,1.0,90000,9871b053cc70268e232bb3f9b6cf29985964b77907970891e8076dae13de0ddd,7bfd77ada3793acb6acce3795a9ad02d2f438b61c9ebf17390b099d0fc9e720b,161.42703333333333,163.82443333333333,148.61843333333334,0,1,False,True,False,False
Nagpur_Region_Basil_Plant_Healthy/IMG_20190920_181804.jpg,Nagpur_Region_Basil_Plant_Healthy,Healthy,Nagpur,IMG_20190920_181804.jpg,.jpg,17898,300,300,1.0,90000,fbc8dfef8b451c4632d466bade5cf6020c819f31cbf98feb150a70169b8b12bf,cd6116494a5e44c06818c49d2005f2ef9a72687cab382112d81baa967d73436f,128.03267777777776,125.00658888888888,109.26066666666668,0,1,False,True,False,False
Nagpur_Region_Basil_Plant_Healthy/IMG_20191104_104721.jpg,Nagpur_Region_Basil_Plant_Healthy,Healthy,Nagpur,IMG_20191104_104721.jpg,.jpg,19620,300,300,1.0,90000,c05cb2fc8eab24f0a42226b4b36fa1d9be1ef3fa7dd50745319712d311af9f49,2811c6d489cc4b095104acff19a5093a621da20eef7c5e788af1f4d8ae0eb6a7,158.5471777777778,158.6139777777778,134.8849,0,1,False,True,False,False
Nagpur_Region_Basil_Plant_Healthy/IMG_20191104_121436.jpg,Nagpur_Region_Basil_Plant_Healthy,Healthy,Nagpur,IMG_20191104_121436.jpg,.jpg,20217,300,300,1.0,90000,f7a7c79aaa4f68f1bfdc90e5de943c27f1237b027e475ee3acd7aacd9a8853e6,07d4c59ea353fc1e6ce5bfdb2f9d5318c9ac3df9c0d834f0a0f11f84a5da3476,128.82776666666666,135.26316666666668,95.784,0,1,False,True,False,False
Nagpur_Region_Basil_Plant_Healthy/IMG_20191104_104736.jpg,Nagpur_Region_Basil_Plant_Healthy,Healthy,Nagpur,IMG_20191104_104736.jpg,.jpg,19004,300,300,1.0,90000,257b5fede59527e0c4f864decdb646756ae154a52055a5fe777f89e1b49820d5,a8064d287d7430728e5260fad6db6705d233c8991b6fc02800888af9ab983ec3,161.42466666666667,158.45237777777777,139.07594444444445,0,1,False,True,False,False
Nagpur_Region_Basil_Plant_Healthy/IMG_20191104_104836_1.jpg,Nagpur_Region_Basil_Plant_Healthy,Healthy,Nagpur,IMG_20191104_104836_1.jpg,.jpg,16499,300,300,1.0,90000,a2f43ccfcf3f5f6460aafe1f73b070f8a2f5d6b7a88da70aa78de2c59f7c3ae9,03553a6d78e62116427e87ad72e7fff733ba58795819d024ff8f2113dd51ca20,156.32982222222222,159.05673333333334,135.71737777777778,0,1,False,True,False,False
Nagpur_Region_Basil_Plant_Healthy/IMG_20190920_181213.jpg,Nagpur_Region_Basil_Plant_Healthy,Healthy,Nagpur,IMG_20190920_181213.jpg,.jpg,16081,300,300,1.0,90000,c0cc0d058073cc8e8f5f31aee6b26bcd380961f905cc17c6a565d749b1edbb6e,808aee3722020b11efc667d69675a44dd7f7e066c58bb5e1b631d1df98af2dd1,122.58732222222224,126.54311111111112,101.23467777777778,0,1,False,True,False,False
Pune_Region_Basil_Plant_Healthy/IMG_20190908_171726.jpg,Pune_Region_Basil_Plant_Healthy,Healthy,Pune,IMG_20190908_171726.jpg,.jpg,24150,300,300,1.0,90000,57354aba7ce09c475b65494a74d1ac4d4c0bd5b3b030abf12500938a69a999ee,8c7e3a6112ed670237eaad92b1a76e51702ecbfd63ea01b6fbaa9e78867359ea,150.20756666666668,162.85222222222222,112.91826666666668,0,2,False,False,True,False
Nagpur_Region_Basil_Plant_Healthy/IMG_20191022_165418.jpg,Nagpur_Region_Basil_Plant_Healthy,Healthy,Nagpur,IMG_20191022_165418.jpg,.jpg,16228,300,300,1.0,90000,9acbb82b5b884a67b64abe1cfcbe35268d057690dd7b3135d1cf8aa00b25f9df,d4c65a4d4c754fe67171c330b5cc9c0207cccff322d9dbbfe2d6296ce37b3af2,117.95194444444444,106.28367777777778,90.16883333333334,0,1,False,True,False,False
Nagpur_Region_Basil_Plant_Healthy/IMG_20190920_181104.jpg,Nagpur_Region_Basil_Plant_Healthy,Healthy,Nagpur,IMG_20190920_181104.jpg,.jpg,16711,300,300,1.0,90000,4b4221a25a689fdd6b5b41174233ea4baeea05f0e1e01c0a939ff8c7fdfd6c16,c579583e1527caf1544f4c4d34f185cedf71abafad43d30fe4259deed87b1d56,170.5554,171.51956666666666,160.03902222222223,0,1,False,True,False,False
Nagpur_Region_Basil_Plant_Healthy/IMG_20191104_121731.jpg,Nagpur_Region_Basil_Plant_Healthy,Healthy,Nagpur,IMG_20191104_121731.jpg,.jpg,16008,300,300,1.0,90000,94b1afc4229b7777f337c9cf412b4c6c997cb7888e5cb7a01fbecdb148d9cc3b,7083b845549eb7c74e0cb27f3c929f92478456021d4efabb4700fd329933621d,104.94522222222224,115.20107777777778,91.13458888888889,0,1,False,True,False,False
Nagpur_Region_Basil_Plant_Healthy/IMG_20191104_104410.jpg,Nagpur_Region_Basil_Plant_Healthy,Healthy,Nagpur,IMG_20191104_104410.jpg,.jpg,17189,300,300,1.0,90000,d50588d3830b6c2c9785a9a0347d5366aad5e3df47cfd6c4832ec80c89fd1a24,b195e76065ca9be340943a07ef0470429db3be680664bdec893b523c70fff217,174.53725555555556,171.91933333333333,163.44533333333334,0,1,False,True,False,False
Nagpur_Region_Basil_Plant_Healthy/IMG_20191104_121341.jpg,Nagpur_Region_Basil_Plant_Healthy,Healthy,Nagpur,IMG_20191104_121341.jpg,.jpg,23233,300,300,1.0,90000,f956000a77717045f493668c46cb9c3acd1d5116c94a9cbb8be10331e75f870b,2d285b157ff5b17c62ba22acf5771a27f8c810b891759111485749e424fe1090,142.90841111111112,138.42783333333333,115.93938888888889,0,1,False,True,False,False
Nagpur_Region_Basil_Plant_Healthy/IMG_20190920_182130.jpg,Nagpur_Region_Basil_Plant_Healthy,Healthy,Nagpur,IMG_20190920_182130.jpg,.jpg,12337,300,300,1.0,90000,f4fb19f2c361c4abec8c82b7cc3f3b1c8c483087a585b95e7093555696cb8a8f,ce2426c5e3813e1155d7bf38823cf67a9b7df9c14e1a3c10698a783576298d6c,160.6237111111111,156.39142222222222,139.7242222222222,0,1,False,True,False,False
Pune_Region_Basil_Plant_Healthy/IMG_20190908_173208.jpg,Pune_Region_Basil_Plant_Healthy,Healthy,Pune,IMG_20190908_173208.jpg,.jpg,18911,300,300,1.0,90000,3d7e4ce7bb6c0bb044c9fcaa0a1a8289e44d7d1318d864daac1bd1a3092b916d,6b1d35ee0aedc49280d1d49ac412bbb7417b4b55f3ec6075585fcd45a59ed5f2,150.0665,151.0147,117.0355,0,2,False,False,True,False
Nagpur_Region_Basil_Plant_Healthy/IMG_20191104_121342.jpg,Nagpur_Region_Basil_Plant_Healthy,Healthy,Nagpur,IMG_20191104_121342.jpg,.jpg,20557,300,300,1.0,90000,194934a9bc89ec4bb35725e1f946d1a9422fee179e0ba72c7cccf953b231f8f6,85281801e01aa72897c964460a745dcef06c7dbdcf9b874aa72336be94c33063,114.26,106.50493333333333,92.18906666666666,0,1,False,True,False,False
Nagpur_Region_Basil_Plant_Healthy/IMG_20191022_165130.jpg,Nagpur_Region_Basil_Plant_Healthy,Healthy,Nagpur,IMG_20191022_165130.jpg,.jpg,15708,300,300,1.0,90000,a6903abb441a38865a2e002dac1bdafc7352fd766a7a624f51b55eb7512d27a6,11e63f8893ca87d30da5380e0a94ff4d7524314293bf26887152dd3981bfd699,119.0651,135.1912888888889,87.54995555555556,0,1,False,True,False,False
Nagpur_Region_Basil_Plant_Healthy/IMG_20191104_121526.jpg,Nagpur_Region_Basil_Plant_Healthy,Healthy,Nagpur,IMG_20191104_121526.jpg,.jpg,18104,300,300,1.0,90000,f2c3560a87a67787cd4bd5a66d88feedef7f5434482f9eb034cfb49d14c5aba7,59b30e3929a554ca988eab774568c61d085f14eb68b13c7fffaab3c8d0ccd9ca,112.92215555555556,119.7478111111111,89.60983333333333,0,1,False,True,False,False
Nagpur_Region_Basil_Plant_Healthy/IMG_20191104_121602.jpg,Nagpur_Region_Basil_Plant_Healthy,Healthy,Nagpur,IMG_20191104_121602.jpg,.jpg,16520,300,300,1.0,90000,fdad758ee19191b1076b3e6ed0c89636ac80756eb848adac600235ab363dfb82,70800ffcd476107dd8b730c60a4fb5df4f28bea9ea4dafcf1cb4373b8034a393,113.74222222222222,129.94922222222223,89.50456666666666,0,1,False,True,False,False
Nagpur_Region_Basil_Plant_Healthy/WhatsApp Image 2019-09-09 at 20.33.46.jpg,Nagpur_Region_Basil_Plant_Healthy,Healthy,Nagpur,WhatsApp Image 2019-09-09 at 20.33.46.jpg,.jpg,16237,300,300,1.0,90000,baac88a68e857535bfe125236f72d346b9a03b34132e9c46e96764cde90a6dfd,0b39f9ac55ae31a5527ffd04e9605f71d981017981767af48e2b99b5519be115,170.9039,171.6455,154.26545555555555,0,1,False,True,False,False
Pune_Region_Basil_Plant_Healthy/IMG_20190908_173258.jpg,Pune_Region_Basil_Plant_Healthy,Healthy,Pune,IMG_20190908_173258.jpg,.jpg,16489,300,300,1.0,90000,17db4673c5df0dca5bdd09ad6ad67828975d23a68a7e1365689ee242c09373db,f8e4aecda2562039078f4d130008f797ceafa0e591594185b501c12f95dfb5c9,122.30136666666668,124.14531111111113,98.46,0,2,False,False,True,False
Nagpur_Region_Basil_Plant_Healthy/IMG_20191104_121806.jpg,Nagpur_Region_Basil_Plant_Healthy,Healthy,Nagpur,IMG_20191104_121806.jpg,.jpg,17325,300,300,1.0,90000,3f5c496be25b3340d0e6cbf9dc25f91d0f3e4cde7a908846cc353bdb420909ed,9e3334eb8bb852496e923fc06516f2ca80f12202da73ea59c6a19fc65407f233,146.52032222222223,159.36043333333333,106.09981111111112,0,1,False,True,False,False
Nagpur_Region_Basil_Plant_Healthy/IMG_20190920_182004.jpg,Nagpur_Region_Basil_Plant_Healthy,Healthy,Nagpur,IMG_20190920_182004.jpg,.jpg,16116,300,300,1.0,90000,d85c543713c866d032c09434d7357a9161f1bd8f51f152943cc03b46af576088,e8847039c1479eea5c367ad7dec8af164de3662045e39343502860931a1634b4,145.1129222222222,141.29126666666667,133.7050111111111,0,1,False,True,False,False
Pune_Region_Basil_Plant_Healthy/IMG_20190908_173303.jpg,Pune_Region_Basil_Plant_Healthy,Healthy,Pune,IMG_20190908_173303.jpg,.jpg,22453,300,300,1.0,90000,447dfcc71a46be583e4c4012bedf04b7dc84925cfee5d6152e2ce5ebf24984e2,9b56781ca7085717dcafc9d588b2c08a97cd5a999a02ba61b92e1e9a0a9ba3f6,130.25601111111112,137.1699888888889,92.37647777777778,0,2,False,False,True,False
Nagpur_Region_Basil_Plant_Healthy/IMG_20191104_121832.jpg,Nagpur_Region_Basil_Plant_Healthy,Healthy,Nagpur,IMG_20191104_121832.jpg,.jpg,16498,300,300,1.0,90000,4387f0836c9e8cc8d3ac13433a823794bcc14d70b20c2d6a504cc325096fd4e7,476857ea4cc2d022b775c4f422f26f36909f51e3a290a89c80b3434fa6ac7bd9,142.14914444444443,163.0937111111111,95.97675555555556,0,1,False,True,False,False
Pune_Region_Basil_Plant_Healthy/IMG_20190905_074845.jpg,Pune_Region_Basil_Plant_Healthy,Healthy,Pune,IMG_20190905_074845.jpg,.jpg,17785,300,300,1.0,90000,2c5cc5262837f0956ac0f8da27833ce1528c6e5ea01f145a6e3c8e688fb298ff,c2ec47c0ec97d3afcfb338c817798fcae352ec59a320851f6c96131f8bbbc77f,121.06243333333332,125.52858888888888,116.621,0,2,False,False,True,False
Pune_Region_Basil_Plant_Healthy/IMG_20190908_172412.jpg,Pune_Region_Basil_Plant_Healthy,Healthy,Pune,IMG_20190908_172412.jpg,.jpg,20879,300,300,1.0,90000,a66b158d64e5b15d0d21478afae65a7db24c07ce1977f78ff705e910873cebfb,2e5fcaaafdb85d3fc93ee204c90ccb6edba4bd1d626a6b38fc2b18b8a54eb66c,125.06015555555555,120.10714444444444,95.65382222222222,0,2,False,False,True,False
Nagpur_Region_Basil_Plant_Healthy/IMG_20191104_104807.jpg,Nagpur_Region_Basil_Plant_Healthy,Healthy,Nagpur,IMG_20191104_104807.jpg,.jpg,19098,300,300,1.0,90000,0401ec9a5ae4f9769ed2208fa516599fbdcb9aecd8d939c79b432b94d83f01fe,7800b99278ff3be6643eef4ed5c6c0365debb15967f3c6298f1d80911ef46bca,170.34797777777777,176.71275555555556,146.91412222222223,0,1,False,True,False,False
Nagpur_Region_Basil_Plant_Healthy/WhatsApp Image 2019-09-11 at 17.30.06.jpg,Nagpur_Region_Basil_Plant_Healthy,Healthy,Nagpur,WhatsApp Image 2019-09-11 at 17.30.06.jpg,.jpg,21346,300,300,1.0,90000,25bd2a28755ff3d3c809977a24e295b26579cc1c2445ee0698c378a93a9ad619,ec82ed487f63128245ccf5b6cbe01ae361045985a2968c00ec2600b7ee0b8f75,137.0608333333333,164.5722111111111,145.19095555555555,0,1,False,True,False,False
Nagpur_Region_Basil_Plant_Healthy/IMG_20191104_121551.jpg,Nagpur_Region_Basil_Plant_Healthy,Healthy,Nagpur,IMG_20191104_121551.jpg,.jpg,14430,300,300,1.0,90000,1a612b5f2367e7462df17e4043942e0e142dba0070d1a404cd53162252e4ebbb,f831ad08741418e30fd152955576292ee024d7f023a967e091049b3ada50368a,104.41436666666668,116.79236666666668,86.16127777777778,0,1,False,True,False,False
Nagpur_Region_Basil_Plant_Healthy/WhatsApp Image 2019-09-11 at 17.30.17 (1).jpg,Nagpur_Region_Basil_Plant_Healthy,Healthy,Nagpur,WhatsApp Image 2019-09-11 at 17.30.17 (1).jpg,.jpg,18221,300,300,1.0,90000,fc7d3d2233a1f4135597382456dafb31a3b0b743ae1304c6b81432a2c83b2d16,372e7dec6a70fe8f974cac31d704b0234b71d024dc27689095d0982b8d11d555,123.08567777777778,158.60843333333332,144.90501111111112,0,1,False,True,False,False
Pune_Region_Basil_Plant_Healthy/IMG_20190908_173138.jpg,Pune_Region_Basil_Plant_Healthy,Healthy,Pune,IMG_20190908_173138.jpg,.jpg,19080,300,300,1.0,90000,331e4dc605605183d8c4c7c78104e3d73a300a0299893a904b62e140e99ce6a2,3abdae18451c59b177928275dc39503152414f7b8b1c59b4a6f2aed9b40761f7,130.89226666666667,133.95645555555555,102.4379888888889,0,2,False,False,True,False
Nagpur_Region_Basil_Plant_Healthy/IMG-20191027-WA0060.jpg,Nagpur_Region_Basil_Plant_Healthy,Healthy,Nagpur,IMG-20191027-WA0060.jpg,.jpg,10209,300,300,1.0,90000,ea662334e55c51a9263d3e42d125ab7b45428f536d01237ac5ba3cabea9e8900,d9d7ff5436f505ec4101977dd99cbbffc11f41c544db0d861fecea5b7ac8a8fb,195.19644444444444,207.20934444444444,177.79196666666667,0,1,False,True,False,False
Pune_Region_Basil_Plant_Healthy/IMG_20190908_172445.jpg,Pune_Region_Basil_Plant_Healthy,Healthy,Pune,IMG_20190908_172445.jpg,.jpg,24036,300,300,1.0,90000,a6058e6c2a825bc2b41ceda706cdf1ac1b623af6fbf7d488bd804d273bb097f3,2de6538d5490d4ca6e76b20b3787cf5e1d65ecfd854cf84667f2023096bdeeb1,143.01613333333333,150.8315888888889,111.59864444444445,0,2,False,False,True,False
Nagpur_Region_Basil_Plant_Healthy/IMG_20191104_121847.jpg,Nagpur_Region_Basil_Plant_Healthy,Healthy,Nagpur,IMG_20191104_121847.jpg,.jpg,17472,300,300,1.0,90000,560f296b7c5e9bb69b08f6884b8ff7d92ea5ae305dfc001c907a95ec88a0da50,cfaae5cd9002fe4467d908c7f59580887a520b31d690dcf6456c218aed43b315,114.19968888888889,128.05666666666667,90.75803333333332,0,1,False,True,False,False
Pune_Region_Basil_Plant_Healthy/IMG_20190904_205214.jpg,Pune_Region_Basil_Plant_Healthy,Healthy,Pune,IMG_20190904_205214.jpg,.jpg,19126,300,300,1.0,90000,f0deeba95a20067dba5bc7951cef8b8ac3ffe2455e2022a65d2ff169b4cea127,039886441f5be1a91794c2f341619dad1cd194dd6dfc69eab81d6100ea0d4e2b,113.4595,113.8439,93.21762222222222,0,2,False,False,True,False
Nagpur_Region_Basil_Plant_Healthy/IMG_20191104_104632_1.jpg,Nagpur_Region_Basil_Plant_Healthy,Healthy,Nagpur,IMG_20191104_104632_1.jpg,.jpg,20940,300,300,1.0,90000,7b95e24c7cd99c154e6a1778b79bb15d7cbd98e085d850fbba53e026d5be7eea,a97053d7fe98f15c1061aa292dfcd0469532923d59c275976b8dba04cb03a74f,150.1294,153.37245555555555,142.8085111111111,0,1,False,True,False,False
Nagpur_Region_Basil_Plant_Healthy/WhatsApp Image 2019-09-08 at 18.12.33.jpg,Nagpur_Region_Basil_Plant_Healthy,Healthy,Nagpur,WhatsApp Image 2019-09-08 at 18.12.33.jpg,.jpg,16472,300,300,1.0,90000,316b5127d5390e2f02ebb19f4d4f6b5a2b89fd18b0709651b0fffb59c62d3927,04c41de95bfaed2353218ffafcc96ac0e550bc19c6c8a2688c5c5a184e821492,156.49524444444444,165.38892222222222,152.37657777777778,0,1,False,True,False,False
Nagpur_Region_Basil_Plant_Healthy/IMG_20191104_104836.jpg,Nagpur_Region_Basil_Plant_Healthy,Healthy,Nagpur,IMG_20191104_104836.jpg,.jpg,16369,300,300,1.0,90000,e40ca5a7292e6ed103864306b702306768f4b2fcaffa3da773eafc1581b890b9,cfef65027f99b5bdcb67b756e56be05ef669ee67aff28fbd62b4491c2b0570e9,156.3179111111111,158.68671111111112,138.01892222222222,0,1,False,True,False,False
Nagpur_Region_Basil_Plant_Healthy/WhatsApp Image 2019-09-09 at 20.33.43 (1).jpg,Nagpur_Region_Basil_Plant_Healthy,Healthy,Nagpur,WhatsApp Image 2019-09-09 at 20.33.43 (1).jpg,.jpg,13386,300,300,1.0,90000,c0a6184b7ed5cf062c598f8d401bb4bef92f3b0c0d938d03e9030fe6a458e976,769326ea8aa8b6c5662adc6e0e395a6a2432ffd8757b3c46b7d63bce573401fe,174.0376777777778,177.30131111111112,154.93513333333334,0,1,False,True,False,False
Nagpur_Region_Basil_Plant_Healthy/IMG_20191104_121433.jpg,Nagpur_Region_Basil_Plant_Healthy,Healthy,Nagpur,IMG_20191104_121433.jpg,.jpg,19662,300,300,1.0,90000,1f76c8a29c70122123505c306853f6ef6a869e7d476732d63e851a010bdff9e9,fa1651d09e1ff9cbea45fb06e0d91c7f10bd71d650dd72858f9676bdfe06c84f,124.56407777777778,126.51974444444444,92.55036666666666,0,1,False,True,False,False
Pune_Region_Basil_Plant_Healthy/IMG_20190908_171634.jpg,Pune_Region_Basil_Plant_Healthy,Healthy,Pune,IMG_20190908_171634.jpg,.jpg,28392,300,300,1.0,90000,9644e98383ffca1eeaf4fd0a40ef4f278459078d5cf57439d9f99c5d93a64380,bd41fa096bafbbc9460e4b90342f809655dd8205c72ad09269be0bf62bcaf017,141.62315555555554,146.54693333333333,117.05072222222222,0,2,False,False,True,False
Nagpur_Region_Basil_Plant_Healthy/IMG_20191104_104543.jpg,Nagpur_Region_Basil_Plant_Healthy,Healthy,Nagpur,IMG_20191104_104543.jpg,.jpg,23792,300,300,1.0,90000,19f047245048dbb65b2577b85d17b7f8a7506ddc4ea675822fe5a033daa7c5b8,2d8981dda198d6b80d8b3e1de744488118c5fa6198305e1355cc2be731ec853a,159.53753333333333,160.95745555555555,145.55734444444445,0,1,False,True,False,False
Nagpur_Region_Basil_Plant_Healthy/IMG_20191104_104428.jpg,Nagpur_Region_Basil_Plant_Healthy,Healthy,Nagpur,IMG_20191104_104428.jpg,.jpg,15397,300,300,1.0,90000,8bf59cf12daa2dcebecf9b81a26a44562f809b5b1f786804d2517dbef1e1c1e7,21625daff0e2dcf3f0cfd9be8c687ea030cf6c9fe075ea4584a747e6db7bb4ec,155.29053333333334,145.60075555555557,130.82816666666668,0,1,False,True,False,False
Nagpur_Region_Basil_Plant_Healthy/WhatsApp Image 2019-09-11 at 17.30.29.jpg,Nagpur_Region_Basil_Plant_Healthy,Healthy,Nagpur,WhatsApp Image 2019-09-11 at 17.30.29.jpg,.jpg,17275,300,300,1.0,90000,987337bc29a8a5ee97d9a7f3dd88aa628609e5e3c0779bc20fb8a58116d9bf2c,1e4dfe35470808bb99c0b9ae4658df7be3c35ce2d21b2d9645c3fbbbb632cb5e,155.79285555555555,184.5128777777778,157.40266666666668,0,1,False,True,False,False
Nagpur_Region_Basil_Plant_Healthy/IMG_20191104_104607.jpg,Nagpur_Region_Basil_Plant_Healthy,Healthy,Nagpur,IMG_20191104_104607.jpg,.jpg,16371,300,300,1.0,90000,0cb566483ec7ea8ca02de55eb7596530bf6d6b1868be7b4b2dd8e8a2abca1f28,352d942927777716410405078bcde5db84db5c1bc38954797be3d24544b6126a,154.2285666666667,151.85443333333333,140.17821111111112,0,1,False,True,False,False
Nagpur_Region_Basil_Plant_Healthy/IMG_20190920_182108.jpg,Nagpur_Region_Basil_Plant_Healthy,Healthy,Nagpur,IMG_20190920_182108.jpg,.jpg,15164,300,300,1.0,90000,b4d4a45fff6b074637a92ae1efc1801b07ecd3ff8696637f6d81f4269c657baa,4fd747b21586681ae6bd1509e48cd15b9954709d530f7db338c6b5493ad426cf,127.1752,123.55352222222224,117.32274444444444,0,1,False,True,False,False
Nagpur_Region_Basil_Plant_Healthy/IMG_20190920_181542.jpg,Nagpur_Region_Basil_Plant_Healthy,Healthy,Nagpur,IMG_20190920_181542.jpg,.jpg,20864,300,300,1.0,90000,933e851e9aea120fb09a0b97c1cd6865ac93fac6106b368f2b25fd6fc6f742b9,fb9b91304d889d63077f6b533d536e4278dcdc08b004aec071ce3ac63619edd7,133.43661111111112,126.5208,112.0124111111111,0,1,False,True,False,False
Nagpur_Region_Basil_Plant_Healthy/IMG_20191022_165053.jpg,Nagpur_Region_Basil_Plant_Healthy,Healthy,Nagpur,IMG_20191022_165053.jpg,.jpg,19603,300,300,1.0,90000,c5a235460d217e41bb68506de4359c7f1bea36456e17fe4d36141fcd1b2a744c,ae2a40c49dfa7b3b02677f8414e3304cb2c180f2efa68e6ad7a5b5e9638ec87b,137.80957777777778,131.94915555555556,104.5411111111111,0,1,False,True,False,False
Pune_Region_Basil_Plant_Healthy/IMG_20190908_171808.jpg,Pune_Region_Basil_Plant_Healthy,Healthy,Pune,IMG_20190908_171808.jpg,.jpg,26116,300,300,1.0,90000,430180ebddc1d90a215e96821a5932ce6b4521d3f868ef90dd035e1e653e2875,44fa6dd0c45f593f1295b449efa1ae816a6f298448857ceefa1e2b0fa38be026,146.88204444444443,142.01502222222223,129.15957777777777,0,2,False,False,True,False
Nagpur_Region_Basil_Plant_Healthy/IMG_20190920_182027.jpg,Nagpur_Region_Basil_Plant_Healthy,Healthy,Nagpur,IMG_20190920_182027.jpg,.jpg,17957,300,300,1.0,90000,58607b26e34118dd4a549d51c6bda3ed4b5baa9a44cf4e55e7da3b79c0bc3246,e9353bba05e5b244964d5898b7688f25522e15fe1c7a4524e786e1831af47c2f,123.2442,121.80102222222222,106.53997777777778,0,1,False,True,False,False
Nagpur_Region_Basil_Plant_Healthy/IMG_20191104_121250.jpg,Nagpur_Region_Basil_Plant_Healthy,Healthy,Nagpur,IMG_20191104_121250.jpg,.jpg,21152,300,300,1.0,90000,45ebe5dfb2be40da19b1955d6f1d7b241a2b01104cdf80bf92591b6ac22fec17,7ad0ab7f6a800128b45d12358488a48f0e0651176daf8d58c2676e62928dc787,133.5494,128.39991111111112,105.69782222222224,0,1,False,True,False,False
Pune_Region_Basil_Plant_Healthy/IMG_20190908_172319.jpg,Pune_Region_Basil_Plant_Healthy,Healthy,Pune,IMG_20190908_172319.jpg,.jpg,18937,300,300,1.0,90000,195300da3912fa0e7a85ffe02d52186adba316b0a160a1d2f87da76fd88984ad,c4dca61b7b30ae216cb8ba057f63b9a7f2027b60fe90b6b0eca9857f1e272455,123.1615,126.08842222222222,91.78111111111112,0,2,False,False,True,False
Nagpur_Region_Basil_Plant_Healthy/IMG_20191104_104732.jpg,Nagpur_Region_Basil_Plant_Healthy,Healthy,Nagpur,IMG_20191104_104732.jpg,.jpg,17897,300,300,1.0,90000,163b61abc1a6946d8ffdd374baa0cd796da3a018eb8ab20909532a74e78e74a8,f8a0912b7dab3208d593084192c7aa9a10791f7cd15118e482571f817c1cd0f6,170.96401111111112,168.6306111111111,145.6685222222222,0,1,False,True,False,False
Nagpur_Region_Basil_Plant_Healthy/IMG_20190920_181949.jpg,Nagpur_Region_Basil_Plant_Healthy,Healthy,Nagpur,IMG_20190920_181949.jpg,.jpg,19903,300,300,1.0,90000,fcbed0023f531b2a4aa851d78c846f80884e58c5cbea211faece8b5a167a38a6,abc79d3da82e69156103a9a078fc79ca4145d7d3203c9418639fac0578e0ae6b,143.13834444444444,142.59436666666667,121.98164444444444,0,1,False,True,False,False
Nagpur_Region_Basil_Plant_Healthy/IMG_20191104_121513.jpg,Nagpur_Region_Basil_Plant_Healthy,Healthy,Nagpur,IMG_20191104_121513.jpg,.jpg,17444,300,300,1.0,90000,967a2d5171543d2b20bb4315d38ad44760e2d980a5fe7a17b3d1de1cf76430f1,3c87739d7fe58e805fba0dd74535a92f151900903177276857013e63d2cad28e,116.40786666666666,131.92823333333334,90.60847777777778,0,1,False,True,False,False
Nagpur_Region_Basil_Plant_Healthy/IMG_20191022_165403.jpg,Nagpur_Region_Basil_Plant_Healthy,Healthy,Nagpur,IMG_20191022_165403.jpg,.jpg,17450,300,300,1.0,90000,ff03c7a438390a1397e2b320272105b83eaedc327773042d0f38ec1e03bc48e5,fee7458473c4bc97faf3eab35aa09f2f50a73b10dc9bc944dd4d81ff141469d9,121.2200888888889,111.50187777777778,90.67066666666666,0,1,False,True,False,False
Nagpur_Region_Basil_Plant_Healthy/IMG_20191104_121428.jpg,Nagpur_Region_Basil_Plant_Healthy,Healthy,Nagpur,IMG_20191104_121428.jpg,.jpg,18484,300,300,1.0,90000,22da827addd23a3330fdbf934f544ec3ba292c08c85ee93811ce43f702613747,0b2e7ea130e25c1c1283bc08e6afd976438d0544a2ba3179b066d5afba111bbe,117.05921111111113,116.56465555555556,90.23226666666666,0,1,False,True,False,False
Nagpur_Region_Basil_Plant_Healthy/IMG_20191104_104819.jpg,Nagpur_Region_Basil_Plant_Healthy,Healthy,Nagpur,IMG_20191104_104819.jpg,.jpg,18113,300,300,1.0,90000,a39edc407ee4c3032c77e7d7d01e821a9762fc44cdc12503a299d0cf83239571,338b933e8679f873d0fe76e578adcec770857123c19e82c1330640db6d830c34,150.68126666666666,154.11736666666667,129.6179888888889,0,1,False,True,False,False
Nagpur_Region_Basil_Plant_Healthy/IMG-20191027-WA0065.jpg,Nagpur_Region_Basil_Plant_Healthy,Healthy,Nagpur,IMG-20191027-WA0065.jpg,.jpg,8770,300,300,1.0,90000,983d52b588fda424e03c776756dbdbf4386203db5aae490eccc31951f37d3e4d,d32468dbee2b660dd3ad040653398cfba436e5ca69240f4d84a93d3c5dd33bf3,190.3066444444445,200.3837111111111,166.6374,0,1,False,True,False,False
Pune_Region_Basil_Plant_Healthy/IMG_20190908_171830.jpg,Pune_Region_Basil_Plant_Healthy,Healthy,Pune,IMG_20190908_171830.jpg,.jpg,23836,300,300,1.0,90000,499150d72cf6ed2902e1f5fd90025107eceb6a733c67e5c9854e964e529e4750,9783b0ab14fbe2e9926a6bb72b18f1662d3e7feeef95a0884c8eab44fe812d4b,154.53277777777777,153.48333333333332,131.51653333333334,0,2,False,False,True,False
Nagpur_Region_Basil_Plant_Healthy/IMG_20190920_182224.jpg,Nagpur_Region_Basil_Plant_Healthy,Healthy,Nagpur,IMG_20190920_182224.jpg,.jpg,13972,300,300,1.0,90000,9d7d3589ca8e20c50905da873519dc8a0d7eee8b3821aad80d16cfb3f7990887,482c2a5d44068e6c72456e8f57ad2c4dc03e90d0179c724f5cf30fa57fa2dfc5,122.77183333333332,134.30433333333335,94.61137777777778,0,1,False,True,False,False
Nagpur_Region_Basil_Plant_Healthy/IMG_20190923_181637.jpg,Nagpur_Region_Basil_Plant_Healthy,Healthy,Nagpur,IMG_20190923_181637.jpg,.jpg,17628,300,300,1.0,90000,9a2499edb04df42e3df828f01b5a056a66c8964b25ed2e7acfa873bb23ed6a24,6c458df626ab9f79cf10fdd112e0965bdde049431064410387c38161473ce2b2,164.7494,169.00083333333333,145.56275555555555,0,1,False,True,False,False
Pune_Region_Basil_Plant_Healthy/IMG_20190908_171814.jpg,Pune_Region_Basil_Plant_Healthy,Healthy,Pune,IMG_20190908_171814.jpg,.jpg,23109,300,300,1.0,90000,04c7c704685bba45ca5b36d6565f78329b7f6fed8de7a5154261d8106d293317,331598476acec3cb71b529c87003632c6b792d1e1aa3327b72ff40f6e65cb9f6,141.7884222222222,159.49252222222222,106.0575,0,2,False,False,True,False
Pune_Region_Basil_Plant_Healthy/IMG_20190908_172405.jpg,Pune_Region_Basil_Plant_Healthy,Healthy,Pune,IMG_20190908_172405.jpg,.jpg,20911,300,300,1.0,90000,cb3f2cd54b3188b326922970668de3fcd9cc4bd9e05821c9a6b33df748125d1a,9e3c26e63a55f2d5e51c5fa2fbb2df13cde2d5c961f5019bd9d2b305c28c5e6d,138.98833333333334,130.9455888888889,109.34297777777778,0,2,False,False,True,False
Nagpur_Region_Basil_Plant_Healthy/IMG_20191104_121637.jpg,Nagpur_Region_Basil_Plant_Healthy,Healthy,Nagpur,IMG_20191104_121637.jpg,.jpg,22461,300,300,1.0,90000,4642309c69d0f3aaa5ea692cf9965f248fa6ede4675af376ae65d6b9df70a603,a156c28b0ec111d05e78b5775cd0f2a945f0df5f0e36a7274565793631d8d947,145.62282222222225,147.24836666666667,110.8698,0,1,False,True,False,False
Nagpur_Region_Basil_Plant_Healthy/IMG_20190920_182145.jpg,Nagpur_Region_Basil_Plant_Healthy,Healthy,Nagpur,IMG_20190920_182145.jpg,.jpg,19998,300,300,1.0,90000,de238b2aad1b7331c9498827dc8c23120c195dd9d3af194cb135de96242073fc,919d7c0b2fc6b369fc7a16db7b0912b024031fcdd617771a451246aed7a79783,155.61244444444444,148.84178888888889,112.0816,0,1,False,True,False,False
Nagpur_Region_Basil_Plant_Healthy/IMG_20190920_181101.jpg,Nagpur_Region_Basil_Plant_Healthy,Healthy,Nagpur,IMG_20190920_181101.jpg,.jpg,16775,300,300,1.0,90000,115508cb50cac1a6520a4c695a6f4c3b07983f57d3337466535102f576e2c10f,4fe2eeda21eb70c0d661e924a439c897059c7811c16ba860341a36cb205afc8a,160.37238888888888,163.4655111111111,149.9623222222222,0,1,False,True,False,False
Nagpur_Region_Basil_Plant_Healthy/IMG_20191104_104357.jpg,Nagpur_Region_Basil_Plant_Healthy,Healthy,Nagpur,IMG_20191104_104357.jpg,.jpg,18964,300,300,1.0,90000,2100ce27782355270366bada1aa37faa9614b69811dac700011d22380d6c6b2b,7bc013babeeef6d63dc6763cd37baddcdccf6c92201993c92d461d5e356b271a,152.833,149.91317777777778,134.3219777777778,0,1,False,True,False,False
Nagpur_Region_Basil_Plant_Healthy/IMG_20191104_121422.jpg,Nagpur_Region_Basil_Plant_Healthy,Healthy,Nagpur,IMG_20191104_121422.jpg,.jpg,21809,300,300,1.0,90000,54ec2137bf8a146d4a8d083125cd783131c047d70c823b008e92dd7310dc7d7a,41c57a642ff93fc7c479cd442c482cf9a1e50119fb178b89af740e5851b72965,131.3169888888889,134.33034444444445,102.50595555555556,0,1,False,True,False,False
Nagpur_Region_Basil_Plant_Healthy/IMG_20191104_104729.jpg,Nagpur_Region_Basil_Plant_Healthy,Healthy,Nagpur,IMG_20191104_104729.jpg,.jpg,18577,300,300,1.0,90000,8da3e08f600589aecf0cac36619059559091d5e9cc19e53bea3d9fe446d2566a,2e525c314d5422477e228f7b1765932b3b47de2f479b56404d7323f7ba49140c,161.21617777777777,161.71014444444444,135.02256666666668,0,1,False,True,False,False
Nagpur_Region_Basil_Plant_Healthy/IMG_20191104_121829.jpg,Nagpur_Region_Basil_Plant_Healthy,Healthy,Nagpur,IMG_20191104_121829.jpg,.jpg,16572,300,300,1.0,90000,9b8572ad49645ff2178772d0dde538d3e5b5a3f342b20263e6895e7e0706d3e1,a6e723fb6b676b93008265c05650b0eec2e40b07187a91d47960653a1dad2f4c,132.8775777777778,155.0661888888889,90.17833333333331,0,1,False,True,False,False
Nagpur_Region_Basil_Plant_Healthy/IMG_20191104_104841.jpg,Nagpur_Region_Basil_Plant_Healthy,Healthy,Nagpur,IMG_20191104_104841.jpg,.jpg,18445,300,300,1.0,90000,34ca2213dd8cd6bf1c01bd1ef238bae612fd335d5093ceff97331f6181a3991e,3f41bf2abe7c8c6ba7488b785111f9b9074c632b8e7eca112ac4b3350c655877,160.4216111111111,160.64085555555556,144.59435555555555,0,1,False,True,False,False
Nagpur_Region_Basil_Plant_Healthy/IMG_20191104_104730.jpg,Nagpur_Region_Basil_Plant_Healthy,Healthy,Nagpur,IMG_20191104_104730.jpg,.jpg,18157,300,300,1.0,90000,42159de58c3adf3c56ceee2e7b4a2a14e674bbf35ecb1e75b78bdaeba8e41444,bc444f215d55a67457e19236e110abdbcc0b0c140b0e32ee665e1b7a46c9377d,161.09906666666666,162.20697777777778,138.68457777777778,0,1,False,True,False,False
Basil_Plant_Unhealthy/IMG_20201217_150753.jpg,Basil_Plant_Unhealthy,Unhealthy,Unknown,IMG_20201217_150753.jpg,.jpg,22281,300,300,1.0,90000,248de6696d5b65e969d6454b0d1b010b16a05843049bdeee43fc6bf2e9c5725c,7e5f91de3136282a8130241c664f9dd371849f9bfd286fe5ac059c0bd347582a,149.47066666666666,154.2230888888889,130.31851111111112,1,3,False,False,False,True
Basil_Plant_Unhealthy/IMG_20201217_150808.jpg,Basil_Plant_Unhealthy,Unhealthy,Unknown,IMG_20201217_150808.jpg,.jpg,17290,300,300,1.0,90000,b1b2f2b3b898d76feb4e76c56e7464466b896aac3eb967fead9eaadb5678fa04,5dca7bfa95416c37e714a9955b9140f84cf80cba9353a12e5e5fbb0cd17d697b,174.38083333333333,178.85703333333333,142.68867777777777,1,3,False,False,False,True
Basil_Plant_Unhealthy/IMG_20201217_150606.jpg,Basil_Plant_Unhealthy,Unhealthy,Unknown,IMG_20201217_150606.jpg,.jpg,15047,300,300,1.0,90000,72e24deeecb6be385fe483657c7ed1eeccd4983f2a93f5e4df1a0eed69040e2c,e0d06fcca6b0c9da8e6a41a98c24a6f401a4b36f85062f0d8bc5a8284ab07177,163.82146666666668,170.08257777777777,126.6098,1,3,False,False,False,True
Basil_Plant_Unhealthy/IMG_20201217_152610.jpg,Basil_Plant_Unhealthy,Unhealthy,Unknown,IMG_20201217_152610.jpg,.jpg,16322,300,300,1.0,90000,d8df801f62156cfdd20c13de7a8685c5dc4d5c94ba9bf010d9cbd7e5ba4aa9e5,9a0cb18cc0f5f0d026d9687d1bb7f2090a1e5dbfbdd3889cc8e4c4ed96f75d75,164.93418888888888,170.51775555555557,155.25284444444443,1,3,False,False,False,True
Basil_Plant_Unhealthy/IMG_20201217_150837.jpg,Basil_Plant_Unhealthy,Unhealthy,Unknown,IMG_20201217_150837.jpg,.jpg,18593,300,300,1.0,90000,1a0daf5c8af427c28459ffb9a3926c6429ad4db32a8091b5a57d3c26ebecf4a8,6f6cbec5e6e18aa170b95adaac61724b9a714eb822f0f81f04fc9516cc1c1c24,166.5775111111111,167.6672888888889,136.18522222222222,1,3,False,False,False,True
Basil_Plant_Unhealthy/IMG_20201217_151749.jpg,Basil_Plant_Unhealthy,Unhealthy,Unknown,IMG_20201217_151749.jpg,.jpg,12333,300,300,1.0,90000,6c158279d9fd5cc13add1c44bcf19bcea57a2e75bc603b7203a9199a61fc334d,ba06f24fac2a814b649517bc6488f17f43a649a9850f634c3f7eae2fdc9ff0e5,120.44074444444443,176.30894444444445,132.9994888888889,1,3,False,False,False,True
Basil_Plant_Unhealthy/IMG_20201217_151716.jpg,Basil_Plant_Unhealthy,Unhealthy,Unknown,IMG_20201217_151716.jpg,.jpg,20160,300,300,1.0,90000,c7ccc4eae2ebd2c3ce6e71ef0984e997e0ff547179202ac98168d4914c4c92b0,58e4d6b72aa7aca04b2d4d3a86dc077714558f865984de3f77ff102dffa522f9,169.8016,178.55985555555554,134.3620222222222,1,3,False,False,False,True
Basil_Plant_Unhealthy/IMG_20201217_112726.jpg,Basil_Plant_Unhealthy,Unhealthy,Unknown,IMG_20201217_112726.jpg,.jpg,14511,300,300,1.0,90000,be54669313cbd8c79abdc331754ac1ffc3256682708d0a7c4f3301ef00c529c3,167ad88bb5de9fec4ace04e386e1826dab44f8d8c8341cd47458aeb7468a090b,155.37424444444446,164.6684111111111,116.0621,1,3,False,False,False,True
Basil_Plant_Unhealthy/IMG_20201217_151620.jpg,Basil_Plant_Unhealthy,Unhealthy,Unknown,IMG_20201217_151620.jpg,.jpg,20173,300,300,1.0,90000,b360e2aeb953ba48c911fd6ba409f497d7ae8648bd2a030e513bd9f552a3fb0c,9659d60817a869c53de3b745a8a6ff6b7e8afac4d8b05b3ef93e9f8d7b9dba24,170.81784444444443,169.6981111111111,149.41742222222223,1,3,False,False,False,True
Basil_Plant_Unhealthy/IMG_20201217_152039.jpg,Basil_Plant_Unhealthy,Unhealthy,Unknown,IMG_20201217_152039.jpg,.jpg,19973,300,300,1.0,90000,116382d4f7c5377740ed1720733b8261e7be3d14a686b4c6becc673c9c7ffb66,8c58e069965d7145848f5a44426b302e0a5bddf0905919a0b453b74e49268c6b,155.9521,154.01482222222222,133.24405555555555,1,3,False,False,False,True
Basil_Plant_Unhealthy/IMG_20201217_150845.jpg,Basil_Plant_Unhealthy,Unhealthy,Unknown,IMG_20201217_150845.jpg,.jpg,20290,300,300,1.0,90000,b8f7e07ee934a183b62f03c91884587cb48452ad992fa2b441910502a52ec584,0dd9cbe993e569abbcdfd2763fcc61495f40090ffa7db71879093de66dd0d7ad,163.52622222222223,166.92715555555554,136.5465,1,3,False,False,False,True
Basil_Plant_Unhealthy/IMG_20201217_150839.jpg,Basil_Plant_Unhealthy,Unhealthy,Unknown,IMG_20201217_150839.jpg,.jpg,18956,300,300,1.0,90000,4a9bed621fb49c335209e4c736a8867f1d2e1039cab6c0c97253c5853ead12d5,0364aa29ecc16df13073fdd82c1303d41da592170b0a532bfd76f13ff6d1116b,168.0220111111111,170.2494111111111,136.8553,1,3,False,False,False,True
Basil_Plant_Unhealthy/IMG_20201217_152612.jpg,Basil_Plant_Unhealthy,Unhealthy,Unknown,IMG_20201217_152612.jpg,.jpg,15992,300,300,1.0,90000,120488f9c8a18d5d243c5ed6a6a038b8d034100ff7bd8200293c66b53abc96a9,f8cf369fe79d81a13d69a893e693f852d4cb6295965cabe27d0b3f4f2b7049e6,164.71962222222223,171.25256666666667,155.54961111111112,1,3,False,False,False,True
Basil_Plant_Unhealthy/IMG_20201217_150853.jpg,Basil_Plant_Unhealthy,Unhealthy,Unknown,IMG_20201217_150853.jpg,.jpg,17767,300,300,1.0,90000,c0d34bccc51b055615cf638f2360f95bf3f71e222df074aba494c2d0ed1b8388,d0af7963321405bb2ebfe70809db7ccc3e8f8a869ca71bd361fd409006bf7020,160.17478888888888,166.23733333333334,136.17797777777778,1,3,False,False,False,True
Basil_Plant_Unhealthy/IMG_20201217_152458.jpg,Basil_Plant_Unhealthy,Unhealthy,Unknown,IMG_20201217_152458.jpg,.jpg,18648,300,300,1.0,90000,c29908ce8a9cbf278d3ab5a9eff24e3c30078bc24b97570b22900684a3875d8f,803d38d2a60b6df838360993e7b4921b64e39b1a9451806b677e3730add3fb1b,171.74525555555556,175.85974444444443,155.3356,1,3,False,False,False,True
Basil_Plant_Unhealthy/IMG_20201217_151908.jpg,Basil_Plant_Unhealthy,Unhealthy,Unknown,IMG_20201217_151908.jpg,.jpg,16881,300,300,1.0,90000,1e635466025f5d17c2905b0a992e93a5f7136deb2115b6948f6e0d5bfac7c46b,cfa2f671af181b42f02f7cbd5aaa02ce097d6975e57311ad8e6b23fbec791743,172.51817777777777,174.64317777777777,154.08918888888888,1,3,False,False,False,True
Basil_Plant_Unhealthy/IMG_20201217_152153.jpg,Basil_Plant_Unhealthy,Unhealthy,Unknown,IMG_20201217_152153.jpg,.jpg,20799,300,300,1.0,90000,40d44d8ce0b146fce91a995bf08334579f0c0abf79c59bd076b4a49bd946b4ac,68e506aa749ca32b38dd22d592363db25caa816c321b5b556616512c237444a0,155.3199111111111,170.05905555555557,139.6363,1,3,False,False,False,True
Basil_Plant_Unhealthy/IMG_20201217_152056_1.jpg,Basil_Plant_Unhealthy,Unhealthy,Unknown,IMG_20201217_152056_1.jpg,.jpg,16861,300,300,1.0,90000,6a5aaca4a7a4d24cc8e50dc3b7147c5c258a3e0dfc85f6cb319b3ec3e1657efe,1d38f4b214abe8800a9d20696ead174932c4a0bc8bcdd53ea001bc04e8d43eb9,127.43777777777778,150.13712222222222,102.48768888888888,1,3,False,False,False,True
Basil_Plant_Unhealthy/IMG_20201217_152448.jpg,Basil_Plant_Unhealthy,Unhealthy,Unknown,IMG_20201217_152448.jpg,.jpg,18343,300,300,1.0,90000,d3e15475abe27433a8cc77f0c3d0098ec44156b1f6be9599abd1b22b500713d2,cb6b103c0bc61badc80ec403d704d865bf295af13378865cc3a5146f3e02d809,165.1181,167.79135555555555,147.84348888888888,1,3,False,False,False,True
Basil_Plant_Unhealthy/IMG_20201217_150843.jpg,Basil_Plant_Unhealthy,Unhealthy,Unknown,IMG_20201217_150843.jpg,.jpg,19897,300,300,1.0,90000,eec91ccbd4acfc6da14b143898670f8a7f3898ef1cb6e6be337da9dfb9287105,920cf4c49b07c5b5d1092f430898d81770c591329b4e9becb39c48815abcaed3,166.03303333333332,169.2818,137.75412222222224,1,3,False,False,False,True
Basil_Plant_Unhealthy/IMG_20201217_112623.jpg,Basil_Plant_Unhealthy,Unhealthy,Unknown,IMG_20201217_112623.jpg,.jpg,17284,300,300,1.0,90000,e7c1ae1b9f3b4bf778b3ffc406326e9f5c83f217eba0bf4c4c0b7800939c015d,0f4eb1bb8becdf15b6868e789cd0bf856793a258047faaaa91565bec101d5812,150.3122888888889,147.38976666666667,133.67885555555554,1,3,False,False,False,True
Basil_Plant_Unhealthy/IMG_20201217_150917.jpg,Basil_Plant_Unhealthy,Unhealthy,Unknown,IMG_20201217_150917.jpg,.jpg,20630,300,300,1.0,90000,a7b3ee05d9182b51f55e44c6a4f76c1e50153d29b4318877ea1c6540cd20f120,bd9cb1183679ff7a642dbe3671f520f6d7e137660d16350089bf0072887013d9,157.49185555555556,158.83692222222223,134.9831111111111,1,3,False,False,False,True
Basil_Plant_Unhealthy/IMG_20201217_112731.jpg,Basil_Plant_Unhealthy,Unhealthy,Unknown,IMG_20201217_112731.jpg,.jpg,18180,300,300,1.0,90000,3fa91b62947cc5dd0815900456ee69bfd3dddcab2dd2d9bcecb1236755cd2565,7d4e1cc59e4fc6ca51c1a853564c660eb9b57d8e2d71966999309a162a0bc238,141.9987,151.4006222222222,112.68038888888888,1,3,False,False,False,True
Basil_Plant_Unhealthy/IMG_20201217_152535.jpg,Basil_Plant_Unhealthy,Unhealthy,Unknown,IMG_20201217_152535.jpg,.jpg,16478,300,300,1.0,90000,fc9e05704e8a27f8b253e36ef38cf3629fa67fe73b57d7d4cfb2c7f9cb1ac229,8bb9d6a3cf6a913ff1d7261952a23ff5598b39198ff1157f5359a0576ce43be8,165.95205555555555,170.7727,144.2427888888889,1,3,False,False,False,True
Basil_Plant_Unhealthy/IMG_20201217_150842.jpg,Basil_Plant_Unhealthy,Unhealthy,Unknown,IMG_20201217_150842.jpg,.jpg,19590,300,300,1.0,90000,be8543933550f363013ffaa8abce5a903f89960f788b0382bc75e2c927a0745d,49f09946565a8181e9c10efa6a568dc6686c1faa1f0e77b995c4197b90532115,167.71613333333335,170.30395555555555,137.1621,1,3,False,False,False,True
Basil_Plant_Unhealthy/IMG_20201217_151648.jpg,Basil_Plant_Unhealthy,Unhealthy,Unknown,IMG_20201217_151648.jpg,.jpg,18609,300,300,1.0,90000,bed87bd0611e8602303a5f01d341076ac33af7f0ad68d94424114152b5c47f80,82679e7d75e3c8b4b555fc44ae78cb887598ce70fe9f05c3bf2d5f4a94539fb0,163.81063333333333,160.3601111111111,140.39705555555557,1,3,False,False,False,True
Basil_Plant_Unhealthy/IMG_20201217_152007.jpg,Basil_Plant_Unhealthy,Unhealthy,Unknown,IMG_20201217_152007.jpg,.jpg,18159,300,300,1.0,90000,676f6829010bdb4531bb439472f50556eb8124ad586a6de704675266b745c90e,f99079230c7ee70d9d550962b1c9de28d23fdba8d259312ca45b9c4859e457a1,151.1153,167.0374888888889,134.26606666666666,1,3,False,False,False,True
Basil_Plant_Unhealthy/IMG_20201217_152024.jpg,Basil_Plant_Unhealthy,Unhealthy,Unknown,IMG_20201217_152024.jpg,.jpg,14360,300,300,1.0,90000,f665f71c3bf4e2b8f9071ff420c815268776bcf11714804cf22c0f844bbded71,a7eceadc1b96128d810133063b8447f1334ea64939ed251ee3b1ea3393e5af96,135.81982222222223,160.017,117.95672222222224,1,3,False,False,False,True
Basil_Plant_Unhealthy/IMG_20201217_150600.jpg,Basil_Plant_Unhealthy,Unhealthy,Unknown,IMG_20201217_150600.jpg,.jpg,14518,300,300,1.0,90000,7919baff2f02b3feeaea3da7dc7b98d5850afafa228fd51087759bbdf003daab,6f79330d6560f8dee025d703a825dd24e7208e51a8105c621b1f5308bd7ea442,143.55155555555555,149.15462222222223,108.49746666666668,1,3,False,False,False,True
Basil_Plant_Unhealthy/IMG_20201217_151736.jpg,Basil_Plant_Unhealthy,Unhealthy,Unknown,IMG_20201217_151736.jpg,.jpg,13930,300,300,1.0,90000,291dc84264df4fc94fc0308fd6720bb70907f8501355ca2085766a3eb385aded,1349c76be501439e1a4fd82c270cde77f224f7c0914a8729521cb76920d2de90,148.57336666666666,180.6246777777777,138.02725555555554,1,3,False,False,False,True
Basil_Plant_Unhealthy/IMG_20201217_151617.jpg,Basil_Plant_Unhealthy,Unhealthy,Unknown,IMG_20201217_151617.jpg,.jpg,15851,300,300,1.0,90000,d825f83773f89aea9a0bf77f9bf6604d4b4ea251b038e910f011f0a1603ccebc,368e8b68c3e96536ca00607d81b33f91d5fb2b76282217c3b4061005bf0f1b41,165.2828,173.6343777777778,147.84995555555557,1,3,False,False,False,True
Basil_Plant_Unhealthy/IMG_20201217_151941.jpg,Basil_Plant_Unhealthy,Unhealthy,Unknown,IMG_20201217_151941.jpg,.jpg,19181,300,300,1.0,90000,5756ca36872e92e0d85d479dc7554814cc93ffca2c85b72f0621982ba9e7eeb3,46271b759e12250490c8823e39b1ab08505272f435ae75dfa932ffeb5a3573e0,149.20898888888888,167.0707111111111,126.26925555555556,1,3,False,False,False,True
Basil_Plant_Unhealthy/IMG_20201217_152207.jpg,Basil_Plant_Unhealthy,Unhealthy,Unknown,IMG_20201217_152207.jpg,.jpg,25127,300,300,1.0,90000,f703e9c80dcbc1fc06a6db5d9a85fe5254a7b4c1e06ca4e6f7cdf4f71a6f79bc,a8d408a701f3660bca65cb5d07421f80f6e6d01c84f869590c5774cad66610f4,159.03666666666666,165.54358888888888,144.60778888888888,1,3,False,False,False,True
Basil_Plant_Unhealthy/IMG_20201217_150913.jpg,Basil_Plant_Unhealthy,Unhealthy,Unknown,IMG_20201217_150913.jpg,.jpg,19321,300,300,1.0,90000,4a79e070e2f86ccae501685510abc5e6c5b92f1a1d02aea70d3a544143781d1a,50fc16ea34a6c7b2e1abfdace55677d142fffc4cb1239216a4771e0658e24711,147.0303111111111,151.57983333333334,125.72387777777776,1,3,False,False,False,True
Basil_Plant_Unhealthy/IMG_20201217_112759.jpg,Basil_Plant_Unhealthy,Unhealthy,Unknown,IMG_20201217_112759.jpg,.jpg,16418,300,300,1.0,90000,6e553f7be2ffdba2c1f3269e678da1df1a7c89d9b1b97ab93e48e7afb2d2fdde,1bb61968954aa2d527ca9cfdc609a2560afe727949172e03073e669c17133058,146.87658888888888,152.06255555555555,119.9183,1,3,False,False,False,True
Basil_Plant_Unhealthy/IMG_20201217_150620.jpg,Basil_Plant_Unhealthy,Unhealthy,Unknown,IMG_20201217_150620.jpg,.jpg,16430,300,300,1.0,90000,b8c57579528024c90527b685f9ab5b86c48ca070d7521c199a073b025dd59913,11bd1b0aad37f07f77848e796c49dea58ee95cb707f2b5f006dad8bcda1711df,172.19026666666667,174.44514444444445,135.82936666666666,1,3,False,False,False,True
Basil_Plant_Unhealthy/IMG_20201217_150848.jpg,Basil_Plant_Unhealthy,Unhealthy,Unknown,IMG_20201217_150848.jpg,.jpg,17355,300,300,1.0,90000,f343c99641856e1e2d43b9facf66047aaebd533a579042f4fd6ecfeff181d8aa,16b7232834c2b9bc4517cf826a4e7b53f5bfec5dfcc6d3be487a6be1abfb5cf9,162.53622222222222,166.5614111111111,136.52758888888889,1,3,False,False,False,True
Basil_Plant_Unhealthy/IMG_20201217_150831.jpg,Basil_Plant_Unhealthy,Unhealthy,Unknown,IMG_20201217_150831.jpg,.jpg,19274,300,300,1.0,90000,5eae915e642e0c8a9cfc86345be65c923d97168a0ad128fd6247d4b5aa55e639,06fa3caba3be417436294d5d4f7f393bb20c86abec561a1adf928ac8ec076830,168.0960888888889,173.75417777777778,138.54924444444444,1,3,False,False,False,True
Basil_Plant_Unhealthy/IMG_20201217_151038.jpg,Basil_Plant_Unhealthy,Unhealthy,Unknown,IMG_20201217_151038.jpg,.jpg,21653,300,300,1.0,90000,db4b671c623c8ec5f77076cc8be7f4247d0d2b8084360a710bf9c64b72ca499c,54a2d3a0676a13851e73f970ed5aa702ad482a1670cadef250659655b7817484,154.21571111111112,163.7062,134.71865555555556,1,3,False,False,False,True
Basil_Plant_Unhealthy/IMG_20201217_152012.jpg,Basil_Plant_Unhealthy,Unhealthy,Unknown,IMG_20201217_152012.jpg,.jpg,18048,300,300,1.0,90000,c92260af3d14b8087e48d475a8487e9f684e7803b4ad951826e22d98fb42c90c,0b40f9284c1b1ef2a1066c253601ce6e5ff28b361639d922d8f03af93d90a937,155.43606666666668,179.14565555555555,133.79062222222225,1,3,False,False,False,True
Basil_Plant_Unhealthy/IMG_20201217_150928.jpg,Basil_Plant_Unhealthy,Unhealthy,Unknown,IMG_20201217_150928.jpg,.jpg,13030,300,300,1.0,90000,048681e2d887c6abbfdb63807432fda7246db3385edb85299489733ea262526d,6470e968cd07c22008a1bbcc242b985db883de2682e24b935bf5c48a16bf1c4a,150.67288888888888,161.52524444444444,133.55986666666666,1,3,False,False,False,True
Basil_Plant_Unhealthy/IMG_20201217_151006.jpg,Basil_Plant_Unhealthy,Unhealthy,Unknown,IMG_20201217_151006.jpg,.jpg,13530,300,300,1.0,90000,5650f824f7d4f89cd4856f4562751b209038319d3fb367c74bd68ff60225dff3,9cee4441ed65d71305856f79eae98356ea9a75a709ffb85f6a2a18736510a856,154.36456666666666,166.13413333333332,119.82856666666666,1,3,False,False,False,True
Basil_Plant_Unhealthy/IMG_20201217_151039.jpg,Basil_Plant_Unhealthy,Unhealthy,Unknown,IMG_20201217_151039.jpg,.jpg,21811,300,300,1.0,90000,0786878a9493d298ff641ca34be147fe54c0b837778d6f9f0e401c5e9c351a38,22b0489beff50df39b786dcbafebd7e3fe0da9aa6c24cce20403a72ead01dbdf,154.83105555555557,164.13047777777777,135.5603,1,3,False,False,False,True
Basil_Plant_Unhealthy/IMG_20201217_150954.jpg,Basil_Plant_Unhealthy,Unhealthy,Unknown,IMG_20201217_150954.jpg,.jpg,13064,300,300,1.0,90000,36f61ef1973b12ef91d37298855b7990faf20b706456f9de4bfed8b7534de876,184eb4cac66f2eeb6567e75d1177aae2a0967f3505846afb0dd4443e44419fa0,132.21496666666667,175.80853333333334,139.9455,1,3,False,False,False,True
Basil_Plant_Unhealthy/IMG_20201217_152029.jpg,Basil_Plant_Unhealthy,Unhealthy,Unknown,IMG_20201217_152029.jpg,.jpg,15411,300,300,1.0,90000,bc05259421b36019e5ec62be6778b1415a592a3b7be54dde3f75e8e20d324f50,a62ffcbe7b97dc854d07ef39b1b8b189935cee312bb1a55d58b0aa09f81441cf,138.14551111111112,161.86914444444446,120.85885555555556,1,3,False,False,False,True
Basil_Plant_Unhealthy/IMG_20201217_151808.jpg,Basil_Plant_Unhealthy,Unhealthy,Unknown,IMG_20201217_151808.jpg,.jpg,15667,300,300,1.0,90000,97b4e099f213da1da00adba1373d886fa6230ec04b77aeda6d8fd33bd107370e,79163d6d7486577bbe7ccd273b61711d3679ace27d1efe3053c4a3cbc9b5792f,152.15344444444443,180.95635555555555,147.28816666666663,1,3,False,False,False,True
Basil_Plant_Unhealthy/IMG_20201217_152146_1.jpg,Basil_Plant_Unhealthy,Unhealthy,Unknown,IMG_20201217_152146_1.jpg,.jpg,19291,300,300,1.0,90000,128929ea05ae829bff9a3277daae67caa9a80380c7737613ed46e274b01a50a1,8ee684e121dd5d1c0bb36aeda6566b6bff96210c0346f45861bb437f1901cb2e,159.8175777777778,165.00333333333333,137.88283333333334,1,3,False,False,False,True
Basil_Plant_Unhealthy/IMG_20201217_152609.jpg,Basil_Plant_Unhealthy,Unhealthy,Unknown,IMG_20201217_152609.jpg,.jpg,16167,300,300,1.0,90000,218c426becca7cdca7dce2dac47a49e2c3b553c649e9bc3e5ca624b581352dd8,45d39b976a62d97803193c837169d0a14b1cec08131e01322e84a682f23ee056,165.76187777777778,170.62105555555556,155.6366111111111,1,3,False,False,False,True
Basil_Plant_Unhealthy/IMG_20201217_152400.jpg,Basil_Plant_Unhealthy,Unhealthy,Unknown,IMG_20201217_152400.jpg,.jpg,15439,300,300,1.0,90000,fb8a6af0538d408558fa91017a085f06e30a6dc6ee31c8736d5ee34815394c23,8da7781dfb9cbc539496b18125d8bdbaab73f4bd3f679cd6829346bda05655c1,145.2558,173.52956666666665,139.6398,1,3,False,False,False,True
Basil_Plant_Unhealthy/IMG_20201217_151828.jpg,Basil_Plant_Unhealthy,Unhealthy,Unknown,IMG_20201217_151828.jpg,.jpg,16388,300,300,1.0,90000,c1a83883b4822c207d59325e128cbfa0fc9c7d799d1b8d17f87c38b725d30811,66e16e4d3ac2e6c4301bb08e21d20531a27ba8470ff5e1510648c502474a2fa1,163.81616666666667,171.98217777777776,146.34913333333333,1,3,False,False,False,True
Basil_Plant_Unhealthy/IMG_20201217_152551.jpg,Basil_Plant_Unhealthy,Unhealthy,Unknown,IMG_20201217_152551.jpg,.jpg,12731,300,300,1.0,90000,ad77b6829a42961305f6cbca763fb3565f96e1285bd27d10686ebcbac2f1044f,4e19be25e707c8bcfbc59c2462af98ed90b36328fc8fc2b13861d2eaf3348a2f,156.82337777777778,176.62253333333334,156.74668888888888,1,3,False,False,False,True
Basil_Plant_Unhealthy/IMG_20201217_152423.jpg,Basil_Plant_Unhealthy,Unhealthy,Unknown,IMG_20201217_152423.jpg,.jpg,17146,300,300,1.0,90000,e5ea43087d3755d221ac57a5752343065944b0fbe99ca091e50174c9b9643077,f9d90fc96ef2fd19362819dc85ec1586841bac3bb09276834552deb466ab7d07,166.8772111111111,172.13106666666667,149.2468111111111,1,3,False,False,False,True
Basil_Plant_Unhealthy/IMG_20201217_151033.jpg,Basil_Plant_Unhealthy,Unhealthy,Unknown,IMG_20201217_151033.jpg,.jpg,16747,300,300,1.0,90000,5a99cf2c153b424f360a2a23c637ed62870754646bc7aff68a2c1d070bcab1ff,3c4406920d0a8b039e7e406f3a5a3e9f9511aafe5980b7d968c8705073a32b77,153.16518888888888,154.2843,127.55607777777776,1,3,False,False,False,True
Basil_Plant_Unhealthy/IMG_20201217_151842.jpg,Basil_Plant_Unhealthy,Unhealthy,Unknown,IMG_20201217_151842.jpg,.jpg,17888,300,300,1.0,90000,d85e2d284092e1e9c06888327124c7ba1aff3429b1300aa268de11bdcc769a2a,5b292fca304f937c66293ccd028a743d3db7e4fb220a9c4e8b94160ab5237091,157.2034111111111,166.05553333333333,120.7999,1,3,False,False,False,True
Basil_Plant_Unhealthy/IMG_20201217_152123.jpg,Basil_Plant_Unhealthy,Unhealthy,Unknown,IMG_20201217_152123.jpg,.jpg,15990,300,300,1.0,90000,610796c37e78224a37545f129d546689dadbd4cfe34229922ddb151bb7f9fb4c,64d640795ae6bad6fded84cb684889f9f65b03e6dd1a865337e892c51a30f81c,154.153,181.38466666666667,140.9022,1,3,False,False,False,True
Basil_Plant_Unhealthy/IMG_20201217_151636_1.jpg,Basil_Plant_Unhealthy,Unhealthy,Unknown,IMG_20201217_151636_1.jpg,.jpg,18023,300,300,1.0,90000,9de0d00abba33b4f336e84d7859e898a3fdc030163bacd8b6a4b2bc05edd2ae8,1667d098886cf2a5a47b835d090d3b6f3404980de4e03b311823c680638a083a,157.84334444444443,158.0334,135.39551111111112,1,3,False,False,False,True
Basil_Plant_Unhealthy/IMG_20201217_150846.jpg,Basil_Plant_Unhealthy,Unhealthy,Unknown,IMG_20201217_150846.jpg,.jpg,18109,300,300,1.0,90000,fc38d6b6989f7098f174b331999bf74cfd63fb497bae84534edf3d72abec753f,0cffb5caea57d1da57b1e8b7252c56fa17836a2b3a7a7c5f217b2928c3242a81,161.75595555555554,164.6982111111111,133.87995555555557,1,3,False,False,False,True
Basil_Plant_Unhealthy/IMG_20201217_152515.jpg,Basil_Plant_Unhealthy,Unhealthy,Unknown,IMG_20201217_152515.jpg,.jpg,16213,300,300,1.0,90000,44291be3447a209a9468edd991d69c0ed31293a7c98fca381d1a4369a3acd356,5687a4616909aab69e88cf8e81945886f55220f1055d2fcce7a2179b55a9455a,172.7231,172.5939888888889,143.28116666666668,1,3,False,False,False,True
Basil_Plant_Unhealthy/IMG_20201217_152212.jpg,Basil_Plant_Unhealthy,Unhealthy,Unknown,IMG_20201217_152212.jpg,.jpg,23584,300,300,1.0,90000,55c977c6b6f586f29e24d1697374f23bb61690ab5a76cd22d7afc8763170b86e,faa08fcf23f0cda2a691b7cfb517dfa26cbc2ab0a9c25ba11904464383c0dddf,150.21297777777778,149.70264444444445,136.90534444444444,1,3,False,False,False,True
Basil_Plant_Unhealthy/IMG_20201217_152121.jpg,Basil_Plant_Unhealthy,Unhealthy,Unknown,IMG_20201217_152121.jpg,.jpg,15771,300,300,1.0,90000,e2903d281c06ab10ed87f413ad0dbb67aa34b418f4aa1f624a51e475d182aa9d,cd73c4e5a9ed36fd21259fb03e63c74ef6d78b60c0613f78e94032bcafe9b165,153.54947777777778,181.31982222222223,141.4766,1,3,False,False,False,True
Basil_Plant_Unhealthy/IMG_20201217_151952.jpg,Basil_Plant_Unhealthy,Unhealthy,Unknown,IMG_20201217_151952.jpg,.jpg,19575,300,300,1.0,90000,5132e187f238b1adfaeb5719d229af787ac0aafbe1d29dab3098ca9c3d773773,1da9cd5bb5744c5339178a3ea74be26a188e33240bcb9f923e5fc06e9db72a34,134.02321111111112,163.93187777777777,121.12103333333332,1,3,False,False,False,True
Basil_Plant_Unhealthy/IMG_20201217_152452.jpg,Basil_Plant_Unhealthy,Unhealthy,Unknown,IMG_20201217_152452.jpg,.jpg,21945,300,300,1.0,90000,e2a3696f3f54dd377e0a1a8c1a08769d11c41fef26099d02e6bbb1624507cae5,36b02aa14b1e693a04c5d570981d439e2ccfd767b13f9589308a270f0e631a41,167.9394,169.81075555555557,147.61502222222222,1,3,False,False,False,True
Basil_Plant_Unhealthy/IMG_20201217_152557.jpg,Basil_Plant_Unhealthy,Unhealthy,Unknown,IMG_20201217_152557.jpg,.jpg,11614,300,300,1.0,90000,467c10c88805e96ad4414f365aba5653b514e355e3d51f55d2294e46791e99f9,5a82693ecce5d983fa23fa4f0afd176d3ae5f349ca08a3fd57bc06f8f774a538,157.83224444444446,174.73196666666666,154.8576111111111,1,3,False,False,False,True
Basil_Plant_Unhealthy/IMG_20201217_151930.jpg,Basil_Plant_Unhealthy,Unhealthy,Unknown,IMG_20201217_151930.jpg,.jpg,16270,300,300,1.0,90000,9c7f99a1c30d8009599a64e6d5feab99536785e4c88cc8061ea0c2280b9c88aa,1c153d95d58038078cd50b3f608405ac8e4f48d3f082e3d03c95501be2565e84,164.81435555555555,170.45143333333334,146.1255,1,3,False,False,False,True
Basil_Plant_Unhealthy/IMG_20201217_151918.jpg,Basil_Plant_Unhealthy,Unhealthy,Unknown,IMG_20201217_151918.jpg,.jpg,20234,300,300,1.0,90000,881b8f4886ee88f2550f94d19a85aad74c0b9bec451af24f805899e9f3107cc0,da0ab5dae580a735d49b45dbc3cd56630a07e775b3d40caa1938d2f366f195e6,167.19081111111112,169.64568888888888,137.28477777777778,1,3,False,False,False,True
Basil_Plant_Unhealthy/IMG_20201217_151631.jpg,Basil_Plant_Unhealthy,Unhealthy,Unknown,IMG_20201217_151631.jpg,.jpg,18979,300,300,1.0,90000,d83be454f6b443d06b0d26aeeb371cace93dfc31c76b14fe043fa5d6a1cbc7cd,776331ff99623e944e02c8107358a1792cf4745472b649ec69a935d4733800ce,173.2722777777778,174.7151111111111,150.3376111111111,1,3,False,False,False,True
Basil_Plant_Unhealthy/IMG_20201217_152021.jpg,Basil_Plant_Unhealthy,Unhealthy,Unknown,IMG_20201217_152021.jpg,.jpg,15967,300,300,1.0,90000,eab51441138d551a91ae691a41cf6ac9d091850b2c92f0d0334dcab8970a0dc8,52f321450debb36491689284ef2e15f04c1fd4b66461b07695ca9c8febd705de,139.31408888888888,173.24307777777778,122.6253,1,3,False,False,False,True
Basil_Plant_Unhealthy/IMG_20201217_151031.jpg,Basil_Plant_Unhealthy,Unhealthy,Unknown,IMG_20201217_151031.jpg,.jpg,16434,300,300,1.0,90000,89a02e812d0c6b04b7ccfc9ba8c4f3883770f319c59c282222b2ad0c850d4235,af67bf3849efcc09c4b97a0cd6ebf6143328a5c020a3879367b04c9096969510,155.8846888888889,155.80936666666668,127.87575555555556,1,3,False,False,False,True
Basil_Plant_Unhealthy/IMG_20201217_152022.jpg,Basil_Plant_Unhealthy,Unhealthy,Unknown,IMG_20201217_152022.jpg,.jpg,16776,300,300,1.0,90000,4f6493f1172d9408bbd7292829af4db228103ead021b8889e75bafadbe1fd647,b16eaa57c9c1d165ac573c22ae02ddb1a0ce933aeab516cd61d37acf39f76bd0,140.21536666666665,167.47244444444445,123.71002222222222,1,3,False,False,False,True
Basil_Plant_Unhealthy/IMG_20201217_152424.jpg,Basil_Plant_Unhealthy,Unhealthy,Unknown,IMG_20201217_152424.jpg,.jpg,16925,300,300,1.0,90000,c38f571bc9f1da4705189e76a1c75f444be2645c8cc1585dc0957a0aad94ab00,2fa7f96b224eb63148abc58e5e2e6973863934ec3ac21361a26cc8d5e941935e,168.5388,174.31851111111112,151.85317777777777,1,3,False,False,False,True
Basil_Plant_Unhealthy/IMG_20201217_112754.jpg,Basil_Plant_Unhealthy,Unhealthy,Unknown,IMG_20201217_112754.jpg,.jpg,15532,300,300,1.0,90000,00de0407b5c95a86bcb6d2af93ac1d6b56782abdfbe06ea4672b6036ad63601e,a89cefd7a1c61400a5d6e329883d0a889a5e48cf9db0b2b4050eeccbe5150938,159.35846666666666,168.1874,131.23217777777776,1,3,False,False,False,True
Basil_Plant_Unhealthy/IMG_20201217_152527.jpg,Basil_Plant_Unhealthy,Unhealthy,Unknown,IMG_20201217_152527.jpg,.jpg,17597,300,300,1.0,90000,384db765b087ca842f246078b1b7502159ead4ef7ead6862105880351508a6d8,f4068804f748374fd554f373f1804c903c990c070a94650c83223464def53c62,165.78016666666667,170.81276666666668,147.0885,1,3,False,False,False,True
Basil_Plant_Unhealthy/IMG_20201217_152112.jpg,Basil_Plant_Unhealthy,Unhealthy,Unknown,IMG_20201217_152112.jpg,.jpg,19361,300,300,1.0,90000,1fa6cdd20bd210524a94de356f0ab4536127219ee19cd82f4a1100e2b4bb40e6,6fc578ef7ebe856a20004461796d66fc169ea7477f9d7d89fdaeaf0475d9ebca,141.6791,179.8139888888889,137.6121777777778,1,3,False,False,False,True
Basil_Plant_Unhealthy/IMG_20201217_112801.jpg,Basil_Plant_Unhealthy,Unhealthy,Unknown,IMG_20201217_112801.jpg,.jpg,16205,300,300,1.0,90000,ce41962d8298873fb2a450d3f60f1f694b098508690bc0f2c05a35b7cb44917c,e295fcf1672b94222146ff6a210e9e1ceb9652e7cc2f5163f8c1b50d93e77eee,150.84965555555556,164.2389,112.57453333333332,1,3,False,False,False,True
Basil_Plant_Unhealthy/IMG_20201217_151950.jpg,Basil_Plant_Unhealthy,Unhealthy,Unknown,IMG_20201217_151950.jpg,.jpg,20053,300,300,1.0,90000,52cc6ef4674f12133318d3c128efdb6057541ce300d93645076bf8b4e8f88d04,5c0e06c4043daf034256eaf5d51c92a9b037c07cbfbd0c26d9cff8e7a657dae9,135.4049222222222,163.68865555555556,120.48511111111112,1,3,False,False,False,True
Basil_Plant_Unhealthy/IMG_20201217_152005.jpg,Basil_Plant_Unhealthy,Unhealthy,Unknown,IMG_20201217_152005.jpg,.jpg,18520,300,300,1.0,90000,343c2f47215c469c3caebec85a9f06e8ee1b012564bda3a7fa230b5e2419e90a,dcdbd570536ccdb30d3c75895246f6f82ad1892c91f6dd5b6080ce5ab591d29a,154.86884444444445,169.7574111111111,136.37828888888887,1,3,False,False,False,True
Basil_Plant_Unhealthy/IMG_20201217_150757.jpg,Basil_Plant_Unhealthy,Unhealthy,Unknown,IMG_20201217_150757.jpg,.jpg,20970,300,300,1.0,90000,f8b3b9789444685a3a95c2ab9f535070371a510ef4668ea032e8768dfcc0f615,b1dc27f7da0d72993deb6a992cc0a8f83a105bd644ce943e1d75628ee87a735a,167.95361111111112,176.52725555555554,143.6526,1,3,False,False,False,True
Basil_Plant_Unhealthy/IMG_20201217_152411.jpg,Basil_Plant_Unhealthy,Unhealthy,Unknown,IMG_20201217_152411.jpg,.jpg,19471,300,300,1.0,90000,c37e54cadd100e7cb0ee5ecdfff741995a6ee885f09716a84a7c2c1c7d339737,53998ac2782bd4d23555405698a81b1353abf7c576abde21e51a40b4a75ec019,162.44344444444445,179.20843333333335,150.60795555555555,1,3,False,False,False,True
Basil_Plant_Unhealthy/IMG_20201217_151135_1.jpg,Basil_Plant_Unhealthy,Unhealthy,Unknown,IMG_20201217_151135_1.jpg,.jpg,18454,300,300,1.0,90000,801e904786c6d5f43bd4f337048fb69e709a469456895ce01bb09d5e8f545cad,4f2114fb318ec410287fd5e9271f95d4f766e4486553622a2915f1eae7d07a83,146.57413333333332,138.50192222222222,113.45584444444444,1,3,False,False,False,True
Basil_Plant_Unhealthy/IMG_20201217_152219.jpg,Basil_Plant_Unhealthy,Unhealthy,Unknown,IMG_20201217_152219.jpg,.jpg,21739,300,300,1.0,90000,58e85ecf5e5bd6ec6e353d92c24a5139082ecd32bfb3cb7470474037b1742db3,23dfc4bb04f0219b68bd53746e3bca5290f4d85d46cd2d39590457a4d4b5d766,154.5242,151.58824444444446,134.3411111111111,1,3,False,False,False,True
Basil_Plant_Unhealthy/IMG_20201217_152549.jpg,Basil_Plant_Unhealthy,Unhealthy,Unknown,IMG_20201217_152549.jpg,.jpg,13010,300,300,1.0,90000,4b076fdf9a1cc20f79888b4fdcfd4c7bcc8435cd52d427aea153e31d7031eeae,4a7cec32e85f0f3d7594d6e5fbad54c61da4f750108d7ef43d04e4aec6e4e69c,158.06106666666668,177.68542222222223,156.9418,1,3,False,False,False,True
Basil_Plant_Unhealthy/IMG_20201217_152345.jpg,Basil_Plant_Unhealthy,Unhealthy,Unknown,IMG_20201217_152345.jpg,.jpg,15472,300,300,1.0,90000,8f3d5266fd6d91b3e7fa59ff13913eb47cb834d7b90e574dbb6b98ccfbfe0eed,f850c8cbb175d886d43062e1e47b063c7964da4aa2be06ae446e62fbd634af81,143.91008888888888,166.15786666666668,138.9518,1,3,False,False,False,True
Basil_Plant_Unhealthy/IMG_20201217_152352.jpg,Basil_Plant_Unhealthy,Unhealthy,Unknown,IMG_20201217_152352.jpg,.jpg,15369,300,300,1.0,90000,731c829c1e2108df1b1cb267a26f173f4a60d2265689b6f2ab8fc06f87d2db11,c045ea3b39f39bf0b229e6c29d24fbc429a9ef13d88e5300d073fa7b348fbd05,144.0593888888889,176.34002222222222,142.2127888888889,1,3,False,False,False,True
Basil_Plant_Unhealthy/IMG_20201217_150537.jpg,Basil_Plant_Unhealthy,Unhealthy,Unknown,IMG_20201217_150537.jpg,.jpg,20566,300,300,1.0,90000,e8a437c7987bb35ca89a182b2853acf94c3417e4204bf61c94979d84388b2dea,57fab73105deb94f62402a10a52fa4f7cbbeff82f6df6704f6a036b7cae1f9a2,152.8811888888889,153.40576666666666,131.24817777777778,1,3,False,False,False,True
Basil_Plant_Unhealthy/IMG_20201217_151705_1.jpg,Basil_Plant_Unhealthy,Unhealthy,Unknown,IMG_20201217_151705_1.jpg,.jpg,18372,300,300,1.0,90000,8d16e6f8544085d7042ce262816962b9a685a15627dc73770b0e1d3dd17fd419,06f072e078237db1d2ae36ea08c6b68fce0d8a53fd7e2f469da1c9cda477f64e,160.87235555555554,158.3607111111111,137.06581111111112,1,3,False,False,False,True
Basil_Plant_Unhealthy/IMG_20201217_152146.jpg,Basil_Plant_Unhealthy,Unhealthy,Unknown,IMG_20201217_152146.jpg,.jpg,19309,300,300,1.0,90000,9c27f00ab26331e0d7ff147e955f8567c4ba73e3b5c1c003163cd0bfdd95bec0,b59c1195554cdfea5d09a1bccd4569af1f9ca4e0b9817e28f7402f56de82ea8f,158.6132,165.4378111111111,137.836,1,3,False,False,False,True
Basil_Plant_Unhealthy/IMG_20201217_151942.jpg,Basil_Plant_Unhealthy,Unhealthy,Unknown,IMG_20201217_151942.jpg,.jpg,19218,300,300,1.0,90000,4e7f1c45ef9fb00ba5bd185fb12090c91c8b4661926bfbce51659b19fa1bca75,203d273d27aca057faef14f5c3ef5fcd85cf5d42684372070a8458e0df0561ec,148.1773,166.8586222222222,124.60487777777776,1,3,False,False,False,True
Basil_Plant_Unhealthy/IMG_20201217_150627.jpg,Basil_Plant_Unhealthy,Unhealthy,Unknown,IMG_20201217_150627.jpg,.jpg,16561,300,300,1.0,90000,f189c8c2991ef666b163592e8a20c4241aad8a21b66dbbeb0233b5a46abc8afb,df9478a79201d6cc34344a1f270b4d5bc39bfeb368e5507311cef065dbf26e1b,160.70617777777778,177.76368888888888,135.02465555555557,1,3,False,False,False,True
Basil_Plant_Unhealthy/IMG_20201217_151932.jpg,Basil_Plant_Unhealthy,Unhealthy,Unknown,IMG_20201217_151932.jpg,.jpg,15956,300,300,1.0,90000,add36537967e646ad0cb81dbe9d468f1ab6251000103896792ff6afe457d230e,e4cf9b88f9b2bf47b69b4c70e07a263b254bec31376bccf7f2895eefbc99972b,165.6210888888889,173.13955555555555,144.69933333333333,1,3,False,False,False,True
Basil_Plant_Unhealthy/IMG_20201217_151911.jpg,Basil_Plant_Unhealthy,Unhealthy,Unknown,IMG_20201217_151911.jpg,.jpg,17198,300,300,1.0,90000,f41331044e517fb4e02c9bed0db742bf2af6e47c4e656839384c83f570a40f09,bd54c094b5779fe91497e98df47345bcc643dbd76babb3448bbf1f4d293bfaa9,170.62487777777778,171.55284444444445,147.9772111111111,1,3,False,False,False,True
Basil_Plant_Unhealthy/IMG_20201217_152538.jpg,Basil_Plant_Unhealthy,Unhealthy,Unknown,IMG_20201217_152538.jpg,.jpg,18779,300,300,1.0,90000,8833cfe5213e7d03b18f6e6af6b5e4ef157c226a20276efb32d44dbe58634508,2e95d3a581b595e0e8b394ead84af50e6a42ae5ddaf8d2763dcb05c36e3966a9,160.40155555555555,168.35463333333334,146.79945555555557,1,3,False,False,False,True
Basil_Plant_Unhealthy/IMG_20201217_151700.jpg,Basil_Plant_Unhealthy,Unhealthy,Unknown,IMG_20201217_151700.jpg,.jpg,17713,300,300,1.0,90000,5ee3c802384172ffa0a964640dcd909bf08aaac592b36c0aa8f374295d7a3bed,e06f7bd4606da68947adc0ccd3433bc917f1b78737d27a990dfb1d1d3c9c1f8d,166.51288888888888,164.77003333333334,141.67378888888888,1,3,False,False,False,True
Basil_Plant_Unhealthy/IMG_20201217_151653.jpg,Basil_Plant_Unhealthy,Unhealthy,Unknown,IMG_20201217_151653.jpg,.jpg,16689,300,300,1.0,90000,7f5d47c049983310a4e711671f694648d5f3f57e9b185f9a5b4aa989a46ddad1,857b3f1ac0d2748faea1d5c100eb48979338fbb6ed73ab9e449a93b209c6c36e,159.8047222222222,160.23538888888888,141.3960111111111,1,3,False,False,False,True
Basil_Plant_Unhealthy/IMG_20201217_151122.jpg,Basil_Plant_Unhealthy,Unhealthy,Unknown,IMG_20201217_151122.jpg,.jpg,18269,300,300,1.0,90000,098ccf6bd0bbfee70bebd4f43e901537ea4b36310bc35f18d5efe6103da5ed4b,2d53d73934f481f4454aa868d77b7a3206c294ceaca08628e87955433521e28d,158.92942222222223,148.22473333333335,131.07313333333337,1,3,False,False,False,True
Basil_Plant_Unhealthy/IMG_20201217_152203.jpg,Basil_Plant_Unhealthy,Unhealthy,Unknown,IMG_20201217_152203.jpg,.jpg,23570,300,300,1.0,90000,b73b3b56e366910936fe3b66c9af2ba21fdca480ee5c410c585b4b5fcf476b65,a37c9cbde38eaf6e41849dfe8f2a00d851827c4447381fdbc08f4f7c07f0dd97,165.93964444444444,168.5884,139.73805555555555,1,3,False,False,False,True
Basil_Plant_Unhealthy/IMG_20201217_112810.jpg,Basil_Plant_Unhealthy,Unhealthy,Unknown,IMG_20201217_112810.jpg,.jpg,15112,300,300,1.0,90000,d239de73a38150e1f1bd04b957dd85c1fa88ba7f5877b831fdc4767493dbc83b,b469a5b43b96067a8009fafac2db12a64e541b79b1eee6fccef7f7e954f57715,146.3364,143.4825888888889,122.46295555555557,1,3,False,False,False,True
Basil_Plant_Unhealthy/IMG_20201217_151956.jpg,Basil_Plant_Unhealthy,Unhealthy,Unknown,IMG_20201217_151956.jpg,.jpg,19988,300,300,1.0,90000,019229cb119654ebfb10440831d6fb1909bfc34cfad95adfa35952ffbe1d9395,9202d8faf6bd5743f32e517455fa9ff7fd407a61173af7e5b9ccc881bb870e64,133.6219888888889,166.10296666666667,119.15678888888888,1,3,False,False,False,True
Basil_Plant_Unhealthy/IMG_20201217_150631.jpg,Basil_Plant_Unhealthy,Unhealthy,Unknown,IMG_20201217_150631.jpg,.jpg,19924,300,300,1.0,90000,9ba4485f450045b19fcf93d61a229faf95c4f4f06c79bf822962a37d6d94f9bd,23e9f8673ac289c68b1c5222383bd7a5644b276f88e7fe6a992ac66d2464f1c8,134.66696666666667,155.11735555555555,115.02787777777776,1,3,False,False,False,True
Basil_Plant_Unhealthy/IMG_20201217_151553.jpg,Basil_Plant_Unhealthy,Unhealthy,Unknown,IMG_20201217_151553.jpg,.jpg,17909,300,300,1.0,90000,2d5b6a330bb55e5e174948afa87814375a53ef985113172f314c66ce963e46ff,509be3a2d6ef4caebba32205d99b09d2044851314b2ab00cb4f323fc1697fcf4,171.87512222222222,179.52695555555556,147.41585555555557,1,3,False,False,False,True
Basil_Plant_Unhealthy/IMG_20201217_152556.jpg,Basil_Plant_Unhealthy,Unhealthy,Unknown,IMG_20201217_152556.jpg,.jpg,11689,300,300,1.0,90000,29ea713f8026e8c7d7664348f3af40f36d40abdba8e0fbc49f18d3cba5fcddb1,5a89776d891a0fd9741e51506618d767be79682b7de218ae3ac1c70ece2748c6,156.6104222222222,175.32523333333333,155.1858777777778,1,3,False,False,False,True
Basil_Plant_Unhealthy/IMG_20201217_151557.jpg,Basil_Plant_Unhealthy,Unhealthy,Unknown,IMG_20201217_151557.jpg,.jpg,18466,300,300,1.0,90000,c054c492a64f9f407c2a38025c7f2ee59933257e940966a0267a53fddc15a646,5fc2c3e86061999525090ceb0ea8c758f0b64a029eec43bf8fc8dc20c5ec6afe,165.51094444444445,174.00886666666668,142.24002222222222,1,3,False,False,False,True
Basil_Plant_Unhealthy/IMG_20201217_151939.jpg,Basil_Plant_Unhealthy,Unhealthy,Unknown,IMG_20201217_151939.jpg,.jpg,19353,300,300,1.0,90000,d0781b1b1c2093c456f39e87c6b4e422a07e42200672a996878f8d173cfde0d3,8af900aa8a4637e54e3cd3603007068b4af7afda79c7434c22ec0539ff1906c5,147.501,167.3934888888889,124.89133333333334,1,3,False,False,False,True
Basil_Plant_Unhealthy/IMG_20201217_150759.jpg,Basil_Plant_Unhealthy,Unhealthy,Unknown,IMG_20201217_150759.jpg,.jpg,20249,300,300,1.0,90000,bba2ed618371b3deb0d0f289c22f8a0aa6fb7f7d4d2c0f706d24ceeabca4a04a,619a98f61be9ddb315d9287df57690c061db9792e77016aa2e795f3fefc91077,165.44242222222223,172.75416666666666,138.8439,1,3,False,False,False,True
Basil_Plant_Unhealthy/IMG_20201217_151622.jpg,Basil_Plant_Unhealthy,Unhealthy,Unknown,IMG_20201217_151622.jpg,.jpg,20989,300,300,1.0,90000,601e3836a1baababf07b6631a1ac63613dbe81839fc6d7648e8025d44922fa7c,c7e645f6b398f74304987c0d1e496e5f280322a14b64af441a915deb2e184d60,169.1569888888889,167.76236666666668,145.5843,1,3,False,False,False,True
Basil_Plant_Unhealthy/IMG_20201217_152354.jpg,Basil_Plant_Unhealthy,Unhealthy,Unknown,IMG_20201217_152354.jpg,.jpg,15205,300,300,1.0,90000,1a8d5ccc51d9d588e099c3f598d0762daa68673e5ba0f5ab2a8b8497442e56a8,d679394ab59a4969d1251610b767149f3142b422234147628a0e8c617e33380e,149.5299,180.86288888888888,143.6739,1,3,False,False,False,True
Basil_Plant_Unhealthy/IMG_20201217_112814.jpg,Basil_Plant_Unhealthy,Unhealthy,Unknown,IMG_20201217_112814.jpg,.jpg,13111,300,300,1.0,90000,5d67918608748b3b704721e3ef3db1f0ad010096804f95581e26ad6d146de2d7,c79dcf314c72ddf6135cd6725b025a202072d420c1142848cf62948e44af97f7,163.65694444444443,166.70237777777777,135.2935,1,3,False,False,False,True
Basil_Plant_Unhealthy/IMG_20201217_112757.jpg,Basil_Plant_Unhealthy,Unhealthy,Unknown,IMG_20201217_112757.jpg,.jpg,16493,300,300,1.0,90000,9e7a028823a8a19ceeb5536e247e907ebac9a6dbc24230e3e326251dc8fe7620,faaa31710d9356ac06bfccd3beca67203c5781b75b9710c1850137557973cf42,145.78497777777778,150.02544444444445,122.5192111111111,1,3,False,False,False,True
Basil_Plant_Unhealthy/IMG_20201217_150811.jpg,Basil_Plant_Unhealthy,Unhealthy,Unknown,IMG_20201217_150811.jpg,.jpg,16890,300,300,1.0,90000,9273ff7d35f0af2e241149f2d94990ef9af6a513c69675f9bf294edc25a40707,55a5b9fb02bd051bbf39822937a18d4fadeff9cc72ff1714c9981fc844ee1539,173.88951111111112,178.05825555555555,141.31346666666667,1,3,False,False,False,True
Basil_Plant_Unhealthy/IMG_20201217_152539.jpg,Basil_Plant_Unhealthy,Unhealthy,Unknown,IMG_20201217_152539.jpg,.jpg,18908,300,300,1.0,90000,bec31fce8a4c428e991e19268b74551d7e1ef457486cc69e0f36840ec0698d3b,75506c15df99dda32893c883e414bb674b24aade93b2a9c91d01724adfeb7736,160.02364444444444,168.01725555555555,147.42026666666666,1,3,False,False,False,True
Basil_Plant_Unhealthy/IMG_20201217_150909.jpg,Basil_Plant_Unhealthy,Unhealthy,Unknown,IMG_20201217_150909.jpg,.jpg,21319,300,300,1.0,90000,8d7f7023f899587de4bb37921359b9190e4fd50b3b355a556f1f12136e080633,6174b321ac693d128fe65f9839f256664ec724fe2a28cb7a95d3864391c59828,162.11485555555555,161.13111111111112,140.35784444444445,1,3,False,False,False,True
Basil_Plant_Unhealthy/IMG_20201217_150604.jpg,Basil_Plant_Unhealthy,Unhealthy,Unknown,IMG_20201217_150604.jpg,.jpg,14693,300,300,1.0,90000,c99113f4d2aacaa16b60ff198ba27f55e4d053703d0436bd7ce36c7b0cf644d5,ef05316d58eb8e27531be5cd7ac41361f5e7f8a989786be1258e3039bc0d8b98,153.62335555555555,163.79002222222223,116.14854444444444,1,3,False,False,False,True
Basil_Plant_Unhealthy/IMG_20201217_150857.jpg,Basil_Plant_Unhealthy,Unhealthy,Unknown,IMG_20201217_150857.jpg,.jpg,18324,300,300,1.0,90000,9ddb8dd506bd26346a4b29eaf545124796a789500d0337fd260ac27328f8fbeb,9a34b5259244d388fa4120aa93808f67edefb7d631895805ed59e653b0cf0839,162.99145555555555,171.70514444444444,144.82725555555555,1,3,False,False,False,True
Basil_Plant_Unhealthy/IMG_20201217_152019.jpg,Basil_Plant_Unhealthy,Unhealthy,Unknown,IMG_20201217_152019.jpg,.jpg,17449,300,300,1.0,90000,b4e13d72bef0e36f1ff652c3096514e7989816e6ca4d6909aab99a47bd08091a,1d48c49b01615ea9cdaab3748be9ac4562892e29cb7251026e4a06b15dd8a0f3,151.3347222222222,180.48016666666663,126.85966666666668,1,3,False,False,False,True
Basil_Plant_Unhealthy/IMG_20201217_151048.jpg,Basil_Plant_Unhealthy,Unhealthy,Unknown,IMG_20201217_151048.jpg,.jpg,23481,300,300,1.0,90000,9176bb008a5cc12de137e98545ef66409273e9b4b8613557825f87e32a618ff1,601f6380a376c03f2b059b2c35c6a788ed6ec8da834cf69f4233334b465b43e7,167.45544444444445,169.5310111111111,139.72521111111112,1,3,False,False,False,True
Basil_Plant_Unhealthy/IMG_20201217_151806_1.jpg,Basil_Plant_Unhealthy,Unhealthy,Unknown,IMG_20201217_151806_1.jpg,.jpg,16233,300,300,1.0,90000,c8aef7cb7d6d34040b911d9d3156e7f1fcd978c7f87592931a28df81a22cc359,0d0675f5334c699db9846111d8b051581cac13949c4599e7455852addbd62b7a,151.71947777777777,180.21501111111112,145.37055555555557,1,3,False,False,False,True
Basil_Plant_Unhealthy/IMG_20201217_151937.jpg,Basil_Plant_Unhealthy,Unhealthy,Unknown,IMG_20201217_151937.jpg,.jpg,19521,300,300,1.0,90000,21506b8ac0990b97494a4db75862920505fc12002aa0a145088b5b28ee76a027,d76ac89a378db37a0d9fa818da5bfe42c7db505d4fa51c456def53c6ab0beb63,147.88438888888888,168.54137777777777,124.8599,1,3,False,False,False,True
Basil_Plant_Unhealthy/IMG_20201217_150919.jpg,Basil_Plant_Unhealthy,Unhealthy,Unknown,IMG_20201217_150919.jpg,.jpg,20120,300,300,1.0,90000,661ecba00a1038f0230bb2773806aa55479342b69521683703c12e1392f9a858,75d8dfa1001b1b797448b0dcc2e525615afca391a6d2af0a2cecc5370b8bd4d9,155.10025555555555,154.9435333333333,131.2460888888889,1,3,False,False,False,True
Basil_Plant_Unhealthy/IMG_20201217_152554.jpg,Basil_Plant_Unhealthy,Unhealthy,Unknown,IMG_20201217_152554.jpg,.jpg,11429,300,300,1.0,90000,cb59329d4668e348301e5ec4f755700f6d087124f16a4c5741274619788f4fec,5884f6b20077c1cd0aef125cafd33eae1536abba0c043fb5b6abbd01c9f7a819,156.0744222222222,176.51034444444446,155.68413333333334,1,3,False,False,False,True
Basil_Plant_Unhealthy/IMG_20201217_152014.jpg,Basil_Plant_Unhealthy,Unhealthy,Unknown,IMG_20201217_152014.jpg,.jpg,17183,300,300,1.0,90000,6b0c5f753c7458bdb118d07a63e661898a80e693d630bf192f6a22a8b97b8e7e,43cd49dc7f0d40f77f388578e8adb09669030f667ed26e53a207c0b5ca6bdae4,142.12882222222223,174.33478888888888,123.2511,1,3,False,False,False,True
Basil_Plant_Unhealthy/IMG_20201217_151623.jpg,Basil_Plant_Unhealthy,Unhealthy,Unknown,IMG_20201217_151623.jpg,.jpg,20145,300,300,1.0,90000,46b59973c926afb6a312b148716c15445500f8d7bddaeb938120052d9323e798,6dedf86cc7f37425af2868bf852798b28cda41d7fccf3906198e1bf99b30f30f,170.33355555555556,168.90022222222223,148.7418111111111,1,3,False,False,False,True
