path,label,rgb_r_mean,rgb_g_mean,rgb_b_mean,hsv_h_mean,hsv_s_mean,hsv_v_mean,rgb_g_std,hsv_s_std
Nagpur_Region_Basil_Plant_Healthy/IMG_20191104_121438.jpg,Healthy,0.5125124454498291,0.5412454605102539,0.3806927800178528,0.1270592212677002,0.4048423171043396,0.5625085830688477,0.33454054594039917,0.26149216294288635
Nagpur_Region_Basil_Plant_Healthy/IMG_20191104_121800.jpg,Healthy,0.5292901992797852,0.5894397497177124,0.3700990080833435,0.17251184582710266,0.4818456768989563,0.5939520597457886,0.2705395519733429,0.31625673174858093
Pune_Region_Basil_Plant_Healthy/IMG_20190904_205248.jpg,Healthy,0.4995270371437073,0.5098584890365601,0.3983321785926819,0.20509755611419678,0.3018017113208771,0.5168160200119019,0.3651748597621918,0.23594611883163452
Pune_Region_Basil_Plant_Healthy/IMG_20190908_172400.jpg,Healthy,0.5048243999481201,0.4800666272640228,0.39159202575683594,0.09363310784101486,0.35032862424850464,0.5162205100059509,0.33369219303131104,0.23012958467006683
Nagpur_Region_Basil_Plant_Healthy/IMG_20191022_165225.jpg,Healthy,0.4894397556781769,0.48007622361183167,0.35624903440475464,0.09492501616477966,0.41268831491470337,0.5105823278427124,0.35817769169807434,0.26622143387794495
Nagpur_Region_Basil_Plant_Healthy/IMG_20191104_121320.jpg,Healthy,0.5313007831573486,0.49997416138648987,0.41877299547195435,0.08508451282978058,0.31207406520843506,0.5424307584762573,0.3137436807155609,0.20894773304462433
Nagpur_Region_Basil_Plant_Healthy/IMG_20190920_182219.jpg,Healthy,0.46506112813949585,0.5034907460212708,0.3715198040008545,0.18577834963798523,0.3688894510269165,0.5056363344192505,0.3643905222415924,0.27295395731925964
Nagpur_Region_Basil_Plant_Healthy/IMG_20191104_104317.jpg,Healthy,0.6519589424133301,0.6446863412857056,0.5728065967559814,0.2399829924106598,0.21146735548973083,0.664706826210022,0.2420356422662735,0.25604793429374695
Pune_Region_Basil_Plant_Healthy/IMG_20190908_171919.jpg,Healthy,0.5521743297576904,0.5539636611938477,0.4620097875595093,0.18016186356544495,0.266298770904541,0.57829350233078,0.2950226962566376,0.24440592527389526
Nagpur_Region_Basil_Plant_Healthy/IMG_20191104_104334.jpg,Healthy,0.635176420211792,0.6045027375221252,0.5292442440986633,0.2171337902545929,0.30404993891716003,0.6524672508239746,0.31225207448005676,0.31583473086357117
Nagpur_Region_Basil_Plant_Healthy/IMG-20191027-WA0064.jpg,Healthy,0.7761565446853638,0.8262044191360474,0.706298828125,0.12377236783504486,0.18774285912513733,0.8266764879226685,0.20732060074806213,0.22576221823692322
Nagpur_Region_Basil_Plant_Healthy/IMG_20191104_121303.jpg,Healthy,0.46517214179039,0.4332490861415863,0.36136069893836975,0.07545048743486404,0.3708910346031189,0.47742608189582825,0.3423584997653961,0.2372562289237976
Pune_Region_Basil_Plant_Healthy/IMG_20190908_171648.jpg,Healthy,0.5786353349685669,0.5803194046020508,0.49020469188690186,0.16818171739578247,0.2551969289779663,0.6060681343078613,0.2941693067550659,0.19219878315925598
Pune_Region_Basil_Plant_Healthy/IMG_20190908_172941.jpg,Healthy,0.5713081955909729,0.5412923097610474,0.4874454438686371,0.07944099605083466,0.24053114652633667,0.571648120880127,0.31369999051094055,0.2076999843120575
Nagpur_Region_Basil_Plant_Healthy/IMG_20191104_121549.jpg,Healthy,0.45054763555526733,0.49657151103019714,0.3652727007865906,0.16640117764472961,0.4006659984588623,0.5032360553741455,0.310648113489151,0.2748587727546692
Nagpur_Region_Basil_Plant_Healthy/IMG_20191104_104653.jpg,Healthy,0.5878207087516785,0.5954474806785583,0.5665814876556396,0.24759772419929504,0.15142814815044403,0.6071069240570068,0.29395875334739685,0.18361294269561768
Nagpur_Region_Basil_Plant_Healthy/IMG_20191104_121735.jpg,Healthy,0.5576506853103638,0.6137436628341675,0.4530014991760254,0.17465490102767944,0.3414236903190613,0.6199027299880981,0.25854727625846863,0.25183483958244324
Nagpur_Region_Basil_Plant_Healthy/IMG_20191104_104748.jpg,Healthy,0.6535404920578003,0.6488415002822876,0.5970646142959595,0.24494725465774536,0.1490136682987213,0.6650611162185669,0.2293911874294281,0.2012673169374466
Nagpur_Region_Basil_Plant_Healthy/IMG_20190920_182045.jpg,Healthy,0.5604540705680847,0.5404660701751709,0.5030254125595093,0.23396846652030945,0.1833856850862503,0.5670918226242065,0.3085874617099762,0.20693154633045197
Nagpur_Region_Basil_Plant_Healthy/IMG_20190923_181612.jpg,Healthy,0.5371150970458984,0.5490933656692505,0.5052456855773926,0.2016892284154892,0.24719461798667908,0.5639102458953857,0.34952250123023987,0.2723029553890228
Nagpur_Region_Basil_Plant_Healthy/IMG_20191104_121454.jpg,Healthy,0.42546147108078003,0.4775409698486328,0.33828604221343994,0.16846880316734314,0.44346898794174194,0.4814414978027344,0.3184052109718323,0.2904607653617859
Pune_Region_Basil_Plant_Healthy/IMG_20190908_172032.jpg,Healthy,0.5566396713256836,0.5263365507125854,0.48735928535461426,0.10474877059459686,0.22222131490707397,0.566357433795929,0.3141861855983734,0.20120295882225037
Nagpur_Region_Basil_Plant_Healthy/IMG_20191104_104808.jpg,Healthy,0.6587287783622742,0.6793246269226074,0.5717381238937378,0.1863986700773239,0.22500967979431152,0.6912387013435364,0.2246207594871521,0.23370645940303802
Nagpur_Region_Basil_Plant_Healthy/IMG_20190920_182215.jpg,Healthy,0.49560070037841797,0.5447572469711304,0.37035274505615234,0.1777191460132599,0.40725988149642944,0.5464394092559814,0.34324321150779724,0.292976975440979
Nagpur_Region_Basil_Plant_Healthy/IMG_20191104_104616.jpg,Healthy,0.6847800016403198,0.6921731233596802,0.6335564255714417,0.207273930311203,0.2073407769203186,0.705634355545044,0.2817680239677429,0.2610614597797394
Nagpur_Region_Basil_Plant_Healthy/IMG_20191104_121522.jpg,Healthy,0.43147212266921997,0.47244083881378174,0.35016658902168274,0.15572451055049896,0.40834474563598633,0.48202264308929443,0.327534019947052,0.26733359694480896
Nagpur_Region_Basil_Plant_Healthy/IMG_20191022_165103.jpg,Healthy,0.4972570240497589,0.4902583360671997,0.380575031042099,0.10639213025569916,0.37311458587646484,0.5150917768478394,0.3287762701511383,0.2566169798374176
Pune_Region_Basil_Plant_Healthy/IMG_20190908_171611.jpg,Healthy,0.5901463031768799,0.6662559509277344,0.47667837142944336,0.179603710770607,0.3492300510406494,0.6732814908027649,0.22602377831935883,0.2527395486831665
Nagpur_Region_Basil_Plant_Healthy/IMG_20191104_121614.jpg,Healthy,0.4319067895412445,0.5068742632865906,0.33387428522109985,0.17339476943016052,0.4786972999572754,0.5107986927032471,0.3184269666671753,0.30855369567871094
Nagpur_Region_Basil_Plant_Healthy/IMG-20191027-WA0056.jpg,Healthy,0.8005791902542114,0.8298206329345703,0.7244590520858765,0.10109254717826843,0.1544407606124878,0.8325990438461304,0.20530439913272858,0.2127906084060669
Nagpur_Region_Basil_Plant_Healthy/IMG_20191104_104628.jpg,Healthy,0.583384096622467,0.6043246984481812,0.5650907754898071,0.23692111670970917,0.19372707605361938,0.6103554368019104,0.3102945387363434,0.22610758244991302
Nagpur_Region_Basil_Plant_Healthy/IMG_20190920_182100.jpg,Healthy,0.5071135759353638,0.49368298053741455,0.45931756496429443,0.2786255478858948,0.1813277155160904,0.5156230926513672,0.3203158378601074,0.17872071266174316
Nagpur_Region_Basil_Plant_Healthy/IMG_20191104_121401.jpg,Healthy,0.4883444607257843,0.47625041007995605,0.3879624307155609,0.10000407695770264,0.3369261920452118,0.5099916458129883,0.32596105337142944,0.22712521255016327
Pune_Region_Basil_Plant_Healthy/IMG_20190905_074644.jpg,Healthy,0.5257439017295837,0.532341480255127,0.5122453570365906,0.2986485958099365,0.1943315863609314,0.5492321252822876,0.3430764675140381,0.21794751286506653
Nagpur_Region_Basil_Plant_Healthy/IMG_20190920_181225.jpg,Healthy,0.509404718875885,0.5288210511207581,0.42599380016326904,0.18182529509067535,0.2811471223831177,0.5337258577346802,0.3300943672657013,0.2093087136745453
Pune_Region_Basil_Plant_Healthy/IMG_20190908_172327.jpg,Healthy,0.4750517010688782,0.4801068902015686,0.3719908595085144,0.11453127861022949,0.3672948181629181,0.4984777569770813,0.3580872118473053,0.243128702044487
Nagpur_Region_Basil_Plant_Healthy/WhatsApp Image 2019-09-11 at 17.40.20.jpg,Healthy,0.5965811014175415,0.6055357456207275,0.5653693675994873,0.16940143704414368,0.11110293865203857,0.6135665774345398,0.27294155955314636,0.12468822300434113
Nagpur_Region_Basil_Plant_Healthy/IMG_20190920_182142.jpg,Healthy,0.5142692923545837,0.506426215171814,0.3796157240867615,0.12853078544139862,0.3863828778266907,0.5328795313835144,0.33378511667251587,0.2686508893966675
Nagpur_Region_Basil_Plant_Healthy/IMG_20191104_121612.jpg,Healthy,0.4796588122844696,0.49858301877975464,0.36723920702934265,0.1366676688194275,0.41914206743240356,0.5162215232849121,0.310630738735199,0.28570863604545593
Nagpur_Region_Basil_Plant_Healthy/IMG_20191022_165135.jpg,Healthy,0.4462728202342987,0.5000325441360474,0.3412128686904907,0.1902817338705063,0.4302816390991211,0.5003178715705872,0.3673383593559265,0.2877213656902313
Nagpur_Region_Basil_Plant_Healthy/WhatsApp Image 2019-11-04 at 9.55.08 AM.jpg,Healthy,0.7481732368469238,0.77685546875,0.6852884292602539,0.13320136070251465,0.15812948346138,0.7796961069107056,0.2697395086288452,0.22443337738513947
Nagpur_Region_Basil_Plant_Healthy/IMG_20191104_104652.jpg,Healthy,0.5878628492355347,0.5960640907287598,0.5686657428741455,0.2545291781425476,0.14812293648719788,0.6076784729957581,0.29355165362358093,0.18070515990257263
Nagpur_Region_Basil_Plant_Healthy/IMG_20191022_165357.jpg,Healthy,0.512087345123291,0.46664559841156006,0.36624446511268616,0.0758480355143547,0.4171803295612335,0.5198433995246887,0.3547123968601227,0.259284645318985
Nagpur_Region_Basil_Plant_Healthy/IMG_20191104_121430.jpg,Healthy,0.46454888582229614,0.4703354835510254,0.35509824752807617,0.11241495609283447,0.40416011214256287,0.4986740052700043,0.33820080757141113,0.25842800736427307
Pune_Region_Basil_Plant_Healthy/IMG_20190908_171742.jpg,Healthy,0.5963006019592285,0.6266151666641235,0.48120978474617004,0.15969350934028625,0.3251761794090271,0.6502680778503418,0.2699700593948364,0.23177096247673035
Nagpur_Region_Basil_Plant_Healthy/IMG_20190920_182128.jpg,Healthy,0.6188371777534485,0.6023389101028442,0.5324208736419678,0.08932814002037048,0.25485703349113464,0.6303098201751709,0.3241194784641266,0.2552623152732849
Nagpur_Region_Basil_Plant_Healthy/IMG_20191104_104547.jpg,Healthy,0.6330355405807495,0.6424565315246582,0.582802951335907,0.2179962396621704,0.20186787843704224,0.654348611831665,0.27496421337127686,0.23026935756206512
Nagpur_Region_Basil_Plant_Healthy/IMG_20190920_181804.jpg,Healthy,0.5021015405654907,0.490238219499588,0.4285079836845398,0.1256750226020813,0.247995525598526,0.506547749042511,0.3334898054599762,0.18881112337112427
Nagpur_Region_Basil_Plant_Healthy/IMG_20191104_104721.jpg,Healthy,0.621704638004303,0.6219841241836548,0.5289570093154907,0.20449122786521912,0.26259398460388184,0.6407667398452759,0.2691453695297241,0.2799692749977112
Nagpur_Region_Basil_Plant_Healthy/IMG_20191104_121436.jpg,Healthy,0.5052255392074585,0.5304869413375854,0.3756299912929535,0.12291258573532104,0.4081882834434509,0.553227424621582,0.3391311764717102,0.2631865441799164
Nagpur_Region_Basil_Plant_Healthy/IMG_20191104_104736.jpg,Healthy,0.6330307722091675,0.6213513016700745,0.5454159379005432,0.20746663212776184,0.22996482253074646,0.6502364873886108,0.25637534260749817,0.25292012095451355
Nagpur_Region_Basil_Plant_Healthy/IMG_20191104_104836_1.jpg,Healthy,0.6130696535110474,0.6237726211547852,0.5322332382202148,0.1500118225812912,0.22969672083854675,0.6331916451454163,0.24940329790115356,0.27980002760887146
Nagpur_Region_Basil_Plant_Healthy/IMG_20190920_181213.jpg,Healthy,0.48072534799575806,0.4962574541568756,0.3970147967338562,0.18209734559059143,0.3062088191509247,0.5014773011207581,0.34498903155326843,0.22180786728858948
Pune_Region_Basil_Plant_Healthy/IMG_20190908_171726.jpg,Healthy,0.5890443325042725,0.6386249661445618,0.44279736280441284,0.15372949838638306,0.38364359736442566,0.6519598364830017,0.2558537721633911,0.2608586251735687
Nagpur_Region_Basil_Plant_Healthy/IMG_20191022_165418.jpg,Healthy,0.46257659792900085,0.4168304204940796,0.3535970151424408,0.06635314971208572,0.3958398699760437,0.466680109500885,0.3602530360221863,0.2526334226131439
Nagpur_Region_Basil_Plant_Healthy/IMG_20190920_181104.jpg,Healthy,0.6689223051071167,0.672695517539978,0.6276233196258545,0.24350452423095703,0.124919593334198,0.689853310585022,0.22853033244609833,0.11436696350574493
Nagpur_Region_Basil_Plant_Healthy/IMG_20191104_121731.jpg,Healthy,0.4115052819252014,0.45176833868026733,0.3573634624481201,0.1897018700838089,0.3714728057384491,0.4588991701602936,0.32700228691101074,0.26654335856437683
Nagpur_Region_Basil_Plant_Healthy/IMG_20191104_104410.jpg,Healthy,0.6844698190689087,0.6741938591003418,0.6410194635391235,0.17393586039543152,0.17305713891983032,0.7003484964370728,0.28540024161338806,0.22098951041698456
Nagpur_Region_Basil_Plant_Healthy/IMG_20191104_121341.jpg,Healthy,0.5604405999183655,0.5428758859634399,0.45466071367263794,0.1029994934797287,0.2794520854949951,0.576708972454071,0.28849145770072937,0.19202931225299835
Nagpur_Region_Basil_Plant_Healthy/IMG_20190920_182130.jpg,Healthy,0.6298894882202148,0.6133185625076294,0.5479176640510559,0.08789598196744919,0.2434680163860321,0.6401932239532471,0.32496657967567444,0.25287410616874695
Pune_Region_Basil_Plant_Healthy/IMG_20190908_173208.jpg,Healthy,0.5885215401649475,0.592256486415863,0.4590054452419281,0.13075444102287292,0.3227439224720001,0.5999377965927124,0.272349089384079,0.2873977720737457
Nagpur_Region_Basil_Plant_Healthy/IMG_20191104_121342.jpg,Healthy,0.44810816645622253,0.417724609375,0.3615502417087555,0.08488155901432037,0.34574395418167114,0.455810546875,0.34027644991874695,0.23016950488090515
Nagpur_Region_Basil_Plant_Healthy/IMG_20191022_165130.jpg,Healthy,0.46692994236946106,0.5301634073257446,0.3433249294757843,0.1801525056362152,0.46414193511009216,0.5305941700935364,0.34998905658721924,0.2997781038284302
Nagpur_Region_Basil_Plant_Healthy/IMG_20191104_121526.jpg,Healthy,0.4428462088108063,0.4696011543273926,0.3514246344566345,0.14021036028862,0.401447594165802,0.4819977283477783,0.3276252746582031,0.2625499367713928
Nagpur_Region_Basil_Plant_Healthy/IMG_20191104_121602.jpg,Healthy,0.4460640549659729,0.5096412301063538,0.35102254152297974,0.17521314322948456,0.4526117444038391,0.5130161046981812,0.3048403263092041,0.29574230313301086
Nagpur_Region_Basil_Plant_Healthy/WhatsApp Image 2019-09-09 at 20.33.46.jpg,Healthy,0.6701698303222656,0.6731062531471252,0.6049326658248901,0.09174364805221558,0.23362240195274353,0.6766955852508545,0.3663889467716217,0.27292680740356445
Pune_Region_Basil_Plant_Healthy/IMG_20190908_173258.jpg,Healthy,0.4795582592487335,0.4867790937423706,0.3861251473426819,0.14532336592674255,0.3536558449268341,0.4980679452419281,0.3258300721645355,0.2689838707447052
Nagpur_Region_Basil_Plant_Healthy/IMG_20191104_121806.jpg,Healthy,0.5746093988418579,0.6249434947967529,0.41605299711227417,0.17215803265571594,0.42602282762527466,0.6299096345901489,0.24331946671009064,0.2967032492160797
Nagpur_Region_Basil_Plant_Healthy/IMG_20190920_182004.jpg,Healthy,0.5691090226173401,0.5540690422058105,0.5243480205535889,0.29905417561531067,0.1434575319290161,0.5756605863571167,0.2825692892074585,0.15472428500652313
Pune_Region_Basil_Plant_Healthy/IMG_20190908_173303.jpg,Healthy,0.5108350515365601,0.5379500389099121,0.36227118968963623,0.14828674495220184,0.4498305320739746,0.5405349731445312,0.30728936195373535,0.304004430770874
Nagpur_Region_Basil_Plant_Healthy/IMG_20191104_121832.jpg,Healthy,0.557492733001709,0.6396226286888123,0.376384437084198,0.17392279207706451,0.4983339309692383,0.6415929794311523,0.23387834429740906,0.31682682037353516
Pune_Region_Basil_Plant_Healthy/IMG_20190905_074845.jpg,Healthy,0.47472044825553894,0.4922659993171692,0.45732325315475464,0.2211044579744339,0.2475649118423462,0.49752604961395264,0.37490546703338623,0.2549424469470978
Pune_Region_Basil_Plant_Healthy/IMG_20190908_172412.jpg,Healthy,0.4904191792011261,0.4710142910480499,0.37515226006507874,0.09577057510614395,0.3678184747695923,0.5030015110969543,0.3446440100669861,0.24112457036972046
Nagpur_Region_Basil_Plant_Healthy/IMG_20191104_104807.jpg,Healthy,0.6680271625518799,0.6929965019226074,0.5761527419090271,0.1768733263015747,0.22517894208431244,0.7018707990646362,0.2167331874370575,0.22459764778614044
Nagpur_Region_Basil_Plant_Healthy/WhatsApp Image 2019-09-11 at 17.30.06.jpg,Healthy,0.5374712944030762,0.6453536748886108,0.5693857073783875,0.34215617179870605,0.22219780087471008,0.6541571021080017,0.2504754066467285,0.153904989361763
Nagpur_Region_Basil_Plant_Healthy/IMG_20191104_121551.jpg,Healthy,0.4094793498516083,0.4580289125442505,0.33790308237075806,0.17526370286941528,0.41814857721328735,0.461589515209198,0.3248133361339569,0.2773326635360718
Nagpur_Region_Basil_Plant_Healthy/WhatsApp Image 2019-09-11 at 17.30.17 (1).jpg,Healthy,0.482710063457489,0.6219745874404907,0.5682464241981506,0.35946154594421387,0.28675925731658936,0.6269550323486328,0.29216811060905457,0.19689367711544037
Pune_Region_Basil_Plant_Healthy/IMG_20190908_173138.jpg,Healthy,0.5133329629898071,0.5253360867500305,0.4017386734485626,0.14924584329128265,0.3396802544593811,0.5315372943878174,0.3045080900192261,0.2981455326080322
Nagpur_Region_Basil_Plant_Healthy/IMG-20191027-WA0060.jpg,Healthy,0.7654421329498291,0.8125536441802979,0.6971612572669983,0.12115848064422607,0.18487730622291565,0.8127365112304688,0.22863587737083435,0.22403179109096527
Pune_Region_Basil_Plant_Healthy/IMG_20190908_172445.jpg,Healthy,0.560874342918396,0.591480016708374,0.4376618266105652,0.14681461453437805,0.3487335443496704,0.6034591197967529,0.2733601927757263,0.2354738563299179
Nagpur_Region_Basil_Plant_Healthy/IMG_20191104_121847.jpg,Healthy,0.4478544592857361,0.5022145509719849,0.35588622093200684,0.17587852478027344,0.4227144122123718,0.5049508213996887,0.3044893145561218,0.29060930013656616
Pune_Region_Basil_Plant_Healthy/IMG_20190904_205214.jpg,Healthy,0.44497647881507874,0.44648629426956177,0.3656068444252014,0.11386197805404663,0.29810285568237305,0.45622512698173523,0.37434306740760803,0.22068260610103607
Nagpur_Region_Basil_Plant_Healthy/IMG_20191104_104632_1.jpg,Healthy,0.588818371295929,0.6015433669090271,0.5601065158843994,0.223848357796669,0.19578683376312256,0.6109384894371033,0.30170494318008423,0.22429807484149933
Nagpur_Region_Basil_Plant_Healthy/WhatsApp Image 2019-09-08 at 18.12.33.jpg,Healthy,0.6137465238571167,0.6485897302627563,0.5975279808044434,0.18331894278526306,0.17055359482765198,0.652836799621582,0.2890661656856537,0.19293494522571564
Nagpur_Region_Basil_Plant_Healthy/IMG_20191104_104836.jpg,Healthy,0.6130313873291016,0.6223068237304688,0.5411774516105652,0.15550628304481506,0.2059352993965149,0.6315687894821167,0.24979718029499054,0.25578927993774414
Nagpur_Region_Basil_Plant_Healthy/WhatsApp Image 2019-09-09 at 20.33.43 (1).jpg,Healthy,0.682461142539978,0.695260763168335,0.6075587868690491,0.10040818154811859,0.25941166281700134,0.6961789131164551,0.35897502303123474,0.29878169298171997
Nagpur_Region_Basil_Plant_Healthy/IMG_20191104_121433.jpg,Healthy,0.4885024428367615,0.49614354968070984,0.36294999718666077,0.11367055028676987,0.41662293672561646,0.5246208906173706,0.3354780375957489,0.26471009850502014
Pune_Region_Basil_Plant_Healthy/IMG_20190908_171634.jpg,Healthy,0.5554075241088867,0.574670672416687,0.45897674560546875,0.1364397257566452,0.283425509929657,0.5905943512916565,0.2930067181587219,0.21758460998535156
Nagpur_Region_Basil_Plant_Healthy/IMG_20191104_104543.jpg,Healthy,0.62565678358078,0.6312500238418579,0.5708122849464417,0.20117133855819702,0.2090645432472229,0.643991231918335,0.277444988489151,0.23483160138130188
Nagpur_Region_Basil_Plant_Healthy/IMG_20191104_104428.jpg,Healthy,0.6090168952941895,0.5710152387619019,0.513095498085022,0.20323114097118378,0.29418498277664185,0.620236873626709,0.32305705547332764,0.31036388874053955
Nagpur_Region_Basil_Plant_Healthy/WhatsApp Image 2019-09-11 at 17.30.29.jpg,Healthy,0.6109509468078613,0.7235677242279053,0.6172841787338257,0.2899940609931946,0.20067307353019714,0.7265069484710693,0.19668516516685486,0.1319078654050827
Nagpur_Region_Basil_Plant_Healthy/IMG_20191104_104607.jpg,Healthy,0.6048454642295837,0.5955595374107361,0.5497424602508545,0.1789940893650055,0.21232759952545166,0.6196135878562927,0.3088494837284088,0.25310808420181274
Nagpur_Region_Basil_Plant_Healthy/IMG_20190920_182108.jpg,Healthy,0.498739093542099,0.48454445600509644,0.460124671459198,0.2933213710784912,0.17020350694656372,0.5065171718597412,0.31871461868286133,0.16676084697246552
Nagpur_Region_Basil_Plant_Healthy/IMG_20190920_181542.jpg,Healthy,0.5232632756233215,0.4961550235748291,0.43926167488098145,0.12470729649066925,0.24713528156280518,0.5252556800842285,0.32109522819519043,0.1811552196741104
Nagpur_Region_Basil_Plant_Healthy/IMG_20191022_165053.jpg,Healthy,0.5404536128044128,0.5174814462661743,0.4099494516849518,0.09357455372810364,0.3416225016117096,0.5512293577194214,0.3058831989765167,0.24633477628231049
Pune_Region_Basil_Plant_Healthy/IMG_20190908_171808.jpg,Healthy,0.576047420501709,0.5569881796836853,0.5065314769744873,0.17578163743019104,0.19755631685256958,0.5934608578681946,0.27843010425567627,0.16690406203269958
Nagpur_Region_Basil_Plant_Healthy/IMG_20190920_182027.jpg,Healthy,0.48336589336395264,0.4776817262172699,0.41782230138778687,0.1635759174823761,0.25540676712989807,0.4932502508163452,0.33240532875061035,0.21790610253810883
Nagpur_Region_Basil_Plant_Healthy/IMG_20191104_121250.jpg,Healthy,0.5237333178520203,0.5035433769226074,0.41454026103019714,0.08699793368577957,0.309588223695755,0.5417078137397766,0.318247526884079,0.21270428597927094
Pune_Region_Basil_Plant_Healthy/IMG_20190908_172319.jpg,Healthy,0.4829723834991455,0.49447670578956604,0.35991787910461426,0.12018590420484543,0.39815959334373474,0.5108560919761658,0.34704917669296265,0.2663308084011078
Nagpur_Region_Basil_Plant_Healthy/IMG_20191104_104732.jpg,Healthy,0.6704628467559814,0.6612936854362488,0.5712823867797852,0.18677586317062378,0.23066867887973785,0.6896762251853943,0.24128881096839905,0.2506825029850006
Basil_Plant_Unhealthy/IMG_20201217_150753.jpg,Unhealthy,0.5861356258392334,0.6048109531402588,0.5110371112823486,0.14827217161655426,0.2331729233264923,0.6205959320068359,0.26190313696861267,0.20675648748874664
Basil_Plant_Unhealthy/IMG_20201217_150808.jpg,Unhealthy,0.6838264465332031,0.7013958692550659,0.5594984889030457,0.15964572131633759,0.2546406090259552,0.7161860466003418,0.1993958055973053,0.22643154859542847
Basil_Plant_Unhealthy/IMG_20201217_150606.jpg,Unhealthy,0.6424249410629272,0.6669988632202148,0.4965035319328308,0.15326112508773804,0.33032017946243286,0.6832242012023926,0.2235594540834427,0.3003506064414978
Basil_Plant_Unhealthy/IMG_20201217_152610.jpg,Unhealthy,0.646860659122467,0.6687079071998596,0.6088781356811523,0.22392195463180542,0.18862384557724,0.6919634342193604,0.2132403403520584,0.22557970881462097
Basil_Plant_Unhealthy/IMG_20201217_150837.jpg,Unhealthy,0.6532188653945923,0.6575223803520203,0.5340485572814941,0.14235913753509521,0.24946658313274384,0.6732202172279358,0.21664518117904663,0.22281844913959503
Basil_Plant_Unhealthy/IMG_20201217_151749.jpg,Unhealthy,0.472291499376297,0.6913822889328003,0.5215571522712708,0.257411926984787,0.45854538679122925,0.6950531005859375,0.20906837284564972,0.36830249428749084
Basil_Plant_Unhealthy/IMG_20201217_151716.jpg,Unhealthy,0.6658854484558105,0.7002403140068054,0.5269521474838257,0.15368403494358063,0.32125017046928406,0.7165632843971252,0.21364209055900574,0.2734452486038208
Basil_Plant_Unhealthy/IMG_20201217_112726.jpg,Unhealthy,0.6093204021453857,0.6457825899124146,0.45515280961990356,0.14897990226745605,0.3884909451007843,0.67350834608078,0.28749993443489075,0.28968381881713867
Basil_Plant_Unhealthy/IMG_20201217_151620.jpg,Unhealthy,0.669885516166687,0.6654976606369019,0.5859308242797852,0.13700884580612183,0.1847582459449768,0.6858772039413452,0.22899994254112244,0.1987399160861969
Basil_Plant_Unhealthy/IMG_20201217_152039.jpg,Unhealthy,0.6116201281547546,0.604011595249176,0.5225183963775635,0.17472761869430542,0.24881914258003235,0.6357958316802979,0.2739655673503876,0.23948487639427185
Basil_Plant_Unhealthy/IMG_20201217_150845.jpg,Unhealthy,0.6412999629974365,0.654670238494873,0.5354903936386108,0.15459176898002625,0.2429487705230713,0.6686083078384399,0.22259047627449036,0.20874318480491638
Basil_Plant_Unhealthy/IMG_20201217_150839.jpg,Unhealthy,0.6589173674583435,0.6676747798919678,0.536704421043396,0.14729930460453033,0.25381985306739807,0.6822428703308105,0.21791335940361023,0.21855655312538147
Basil_Plant_Unhealthy/IMG_20201217_152612.jpg,Unhealthy,0.6459329128265381,0.6716155409812927,0.6099743247032166,0.22956961393356323,0.1889478862285614,0.6933938264846802,0.21112018823623657,0.23069705069065094
Basil_Plant_Unhealthy/IMG_20201217_150853.jpg,Unhealthy,0.6281365156173706,0.6519080996513367,0.5340399146080017,0.16728653013706207,0.24849754571914673,0.6651338934898376,0.2203875631093979,0.2287648767232895
Basil_Plant_Unhealthy/IMG_20201217_152458.jpg,Unhealthy,0.6735361814498901,0.6897145509719849,0.6092160940170288,0.16194647550582886,0.20998474955558777,0.7149155735969543,0.21446052193641663,0.2200101912021637
Basil_Plant_Unhealthy/IMG_20201217_151908.jpg,Unhealthy,0.6764954924583435,0.6848469972610474,0.6042212247848511,0.1822434365749359,0.18397930264472961,0.702704668045044,0.20836219191551208,0.2224930375814438
Basil_Plant_Unhealthy/IMG_20201217_152153.jpg,Unhealthy,0.6091289520263672,0.6668859124183655,0.5476189255714417,0.17925480008125305,0.24042370915412903,0.6771762371063232,0.23586513102054596,0.2402072250843048
Basil_Plant_Unhealthy/IMG_20201217_152056_1.jpg,Unhealthy,0.49976927042007446,0.5888001918792725,0.4018918573856354,0.19011664390563965,0.44045302271842957,0.5967926979064941,0.27077317237854004,0.34287887811660767
Basil_Plant_Unhealthy/IMG_20201217_152448.jpg,Unhealthy,0.6475346684455872,0.6580288410186768,0.5797794461250305,0.1456546187400818,0.20461122691631317,0.6809800267219543,0.25449633598327637,0.19209536910057068
Basil_Plant_Unhealthy/IMG_20201217_150843.jpg,Unhealthy,0.6511690616607666,0.6638767719268799,0.5402554273605347,0.14988160133361816,0.24262775480747223,0.6783595681190491,0.21833714842796326,0.20812393724918365
Basil_Plant_Unhealthy/IMG_20201217_112623.jpg,Unhealthy,0.5895057916641235,0.5780273675918579,0.5242542028427124,0.16140899062156677,0.22416922450065613,0.627275824546814,0.2867506742477417,0.1766258329153061
Basil_Plant_Unhealthy/IMG_20201217_150917.jpg,Unhealthy,0.61760014295578,0.6228793859481812,0.529348611831665,0.14820462465286255,0.23001772165298462,0.6427294015884399,0.2603573203086853,0.19330592453479767
Basil_Plant_Unhealthy/IMG_20201217_112731.jpg,Unhealthy,0.5568828582763672,0.5937288999557495,0.44188499450683594,0.15041257441043854,0.36154812574386597,0.6177695989608765,0.307738333940506,0.25408390164375305
Basil_Plant_Unhealthy/IMG_20201217_152535.jpg,Unhealthy,0.6509133577346802,0.669729471206665,0.5656911134719849,0.17405825853347778,0.23774994909763336,0.6905953288078308,0.20914272964000702,0.2395508587360382
Basil_Plant_Unhealthy/IMG_20201217_150842.jpg,Unhealthy,0.6577454805374146,0.6678988933563232,0.5379126667976379,0.14511586725711823,0.2512304484844208,0.6829025149345398,0.21978992223739624,0.21293646097183228
Basil_Plant_Unhealthy/IMG_20201217_151648.jpg,Unhealthy,0.6424134969711304,0.6289072036743164,0.5505830645561218,0.1480858325958252,0.24785447120666504,0.6597704291343689,0.2803955674171448,0.2478662133216858
Basil_Plant_Unhealthy/IMG_20201217_152007.jpg,Unhealthy,0.5926719903945923,0.6550800800323486,0.5265424251556396,0.18364112079143524,0.2575407028198242,0.663298487663269,0.2236369550228119,0.25586560368537903
Basil_Plant_Unhealthy/IMG_20201217_152024.jpg,Unhealthy,0.5326027870178223,0.6275209188461304,0.4625469446182251,0.19633549451828003,0.3729488253593445,0.6368767023086548,0.25983935594558716,0.30430442094802856
Basil_Plant_Unhealthy/IMG_20201217_150600.jpg,Unhealthy,0.5629796981811523,0.5849379897117615,0.4255017042160034,0.14979927241802216,0.3826333284378052,0.6016812324523926,0.26179733872413635,0.3127491772174835
Basil_Plant_Unhealthy/IMG_20201217_151736.jpg,Unhealthy,0.5826660394668579,0.7083333730697632,0.5412923097610474,0.21699580550193787,0.35852205753326416,0.7168246507644653,0.19798660278320312,0.3280662000179291
Basil_Plant_Unhealthy/IMG_20201217_151617.jpg,Unhealthy,0.6482028961181641,0.6809264421463013,0.5798158049583435,0.17042973637580872,0.23796319961547852,0.694287121295929,0.20588406920433044,0.2462167739868164
Basil_Plant_Unhealthy/IMG_20201217_151941.jpg,Unhealthy,0.5851524472236633,0.6551969051361084,0.49520719051361084,0.17832134664058685,0.3029189109802246,0.6629729866981506,0.2269861102104187,0.29380330443382263
Basil_Plant_Unhealthy/IMG_20201217_152207.jpg,Unhealthy,0.6236395239830017,0.6491411924362183,0.56706303358078,0.22944068908691406,0.2554280757904053,0.6660664081573486,0.27169716358184814,0.25699496269226074
Basil_Plant_Unhealthy/IMG_20201217_150913.jpg,Unhealthy,0.5766381621360779,0.5944948792457581,0.4930817484855652,0.15403157472610474,0.27226465940475464,0.614780604839325,0.2831571102142334,0.22693568468093872
Basil_Plant_Unhealthy/IMG_20201217_112759.jpg,Unhealthy,0.576006293296814,0.5963493585586548,0.47030389308929443,0.14413675665855408,0.34592390060424805,0.6204140186309814,0.3195186257362366,0.2767106294631958
Basil_Plant_Unhealthy/IMG_20201217_150620.jpg,Unhealthy,0.6752815246582031,0.684149980545044,0.5326870679855347,0.13924075663089752,0.28645652532577515,0.7045937180519104,0.20801296830177307,0.2780131995677948
Basil_Plant_Unhealthy/IMG_20201217_150848.jpg,Unhealthy,0.6373822689056396,0.6532198190689087,0.5354205369949341,0.16066616773605347,0.2452225685119629,0.6684369444847107,0.21501968801021576,0.22878879308700562
Basil_Plant_Unhealthy/IMG_20201217_150831.jpg,Unhealthy,0.6591959595680237,0.6814213991165161,0.543345034122467,0.1567515879869461,0.266493558883667,0.6988387107849121,0.23057609796524048,0.23163679242134094
Basil_Plant_Unhealthy/IMG_20201217_151038.jpg,Unhealthy,0.6047852039337158,0.641965389251709,0.5283231735229492,0.17045100033283234,0.268161416053772,0.6604338884353638,0.252651572227478,0.2291419357061386
Basil_Plant_Unhealthy/IMG_20201217_152012.jpg,Unhealthy,0.6095588207244873,0.702595591545105,0.524702250957489,0.18976852297782898,0.343212753534317,0.7138251066207886,0.22276651859283447,0.29451045393943787
Basil_Plant_Unhealthy/IMG_20201217_150928.jpg,Unhealthy,0.5908883213996887,0.6334539651870728,0.5238357782363892,0.18014302849769592,0.2637368142604828,0.6522988080978394,0.2740496098995209,0.2629811763763428
Basil_Plant_Unhealthy/IMG_20201217_151006.jpg,Unhealthy,0.6053433418273926,0.6514858603477478,0.46992191672325134,0.16418510675430298,0.37276405096054077,0.6651817560195923,0.23638854920864105,0.3186326026916504
Basil_Plant_Unhealthy/IMG_20201217_151039.jpg,Unhealthy,0.6071767807006836,0.6436265110969543,0.5316013693809509,0.16946199536323547,0.2661215662956238,0.6627776622772217,0.25237369537353516,0.22865265607833862
Basil_Plant_Unhealthy/IMG_20201217_150954.jpg,Unhealthy,0.5184895992279053,0.6894521713256836,0.5487955808639526,0.24111241102218628,0.34969189763069153,0.6975882649421692,0.20646753907203674,0.34013229608535767
Basil_Plant_Unhealthy/IMG_20201217_152029.jpg,Unhealthy,0.5417298674583435,0.6347962617874146,0.47401389479637146,0.2036059945821762,0.35340970754623413,0.6426327228546143,0.25467076897621155,0.2922118604183197
Basil_Plant_Unhealthy/IMG_20201217_151808.jpg,Unhealthy,0.5967218279838562,0.7096028327941895,0.577631950378418,0.2161845564842224,0.28793466091156006,0.7202598452568054,0.24238239228725433,0.28231894969940186
Basil_Plant_Unhealthy/IMG_20201217_152146_1.jpg,Unhealthy,0.6267462968826294,0.6470377445220947,0.5407294034957886,0.18357892334461212,0.24410539865493774,0.6639639139175415,0.23671507835388184,0.24911770224571228
Basil_Plant_Unhealthy/IMG_20201217_152609.jpg,Unhealthy,0.6501187086105347,0.6691473722457886,0.6103774309158325,0.21868371963500977,0.1859360784292221,0.6931344270706177,0.21444587409496307,0.22148355841636658
Basil_Plant_Unhealthy/IMG_20201217_152400.jpg,Unhealthy,0.5696471333503723,0.6805213689804077,0.5475863814353943,0.20439107716083527,0.34384220838546753,0.6927696466445923,0.21211770176887512,0.29884636402130127
Basil_Plant_Unhealthy/IMG_20201217_151828.jpg,Unhealthy,0.642453670501709,0.6744887232780457,0.5739688873291016,0.183018296957016,0.24409270286560059,0.6956772804260254,0.2290804386138916,0.2653607130050659
Basil_Plant_Unhealthy/IMG_20201217_152551.jpg,Unhealthy,0.6150381565093994,0.6926815509796143,0.6146972179412842,0.23528264462947845,0.23112116754055023,0.7100576162338257,0.21799950301647186,0.27562662959098816
Basil_Plant_Unhealthy/IMG_20201217_152423.jpg,Unhealthy,0.6544587016105652,0.6750364303588867,0.5852558612823486,0.15879419445991516,0.22533801198005676,0.696384847164154,0.2501285970211029,0.23112545907497406
Basil_Plant_Unhealthy/IMG_20201217_151033.jpg,Unhealthy,0.6006443500518799,0.6050398349761963,0.5002250075340271,0.14599359035491943,0.26430684328079224,0.6280809640884399,0.2666402757167816,0.22226673364639282
Basil_Plant_Unhealthy/IMG_20201217_151842.jpg,Unhealthy,0.6164617538452148,0.6511680483818054,0.4737343192100525,0.1694524586200714,0.37879109382629395,0.6715409159660339,0.23374900221824646,0.33379217982292175
Basil_Plant_Unhealthy/IMG_20201217_152123.jpg,Unhealthy,0.6045717000961304,0.7113692760467529,0.5526089668273926,0.19973163306713104,0.29767295718193054,0.7192516922950745,0.19042806327342987,0.29305997490882874
Basil_Plant_Unhealthy/IMG_20201217_151636_1.jpg,Unhealthy,0.6190372705459595,0.6197687387466431,0.5309963226318359,0.1432502418756485,0.2421180009841919,0.6421109437942505,0.2561863958835602,0.2445450872182846
Basil_Plant_Unhealthy/IMG_20201217_150846.jpg,Unhealthy,0.6343262195587158,0.645915687084198,0.5250182151794434,0.15223200619220734,0.2554977834224701,0.661792516708374,0.22355493903160095,0.22707609832286835
Basil_Plant_Unhealthy/IMG_20201217_152515.jpg,Unhealthy,0.6773964166641235,0.6768602728843689,0.5618948936462402,0.1570741981267929,0.24499450623989105,0.6987611055374146,0.21374759078025818,0.23746830224990845
Basil_Plant_Unhealthy/IMG_20201217_152212.jpg,Unhealthy,0.5890500545501709,0.5870538949966431,0.5368795394897461,0.2038695216178894,0.23639655113220215,0.6130974292755127,0.301979124546051,0.23039676249027252
Basil_Plant_Unhealthy/IMG_20201217_152121.jpg,Unhealthy,0.6021512746810913,0.7111040949821472,0.5548301935195923,0.20305992662906647,0.2951110005378723,0.7189912796020508,0.1901533454656601,0.29327258467674255
Basil_Plant_Unhealthy/IMG_20201217_151952.jpg,Unhealthy,0.5256309509277344,0.642934262752533,0.47500959038734436,0.2004343867301941,0.3358745574951172,0.6496256589889526,0.27074187994003296,0.29242563247680664
Basil_Plant_Unhealthy/IMG_20201217_152452.jpg,Unhealthy,0.6585736870765686,0.6659083962440491,0.5789417028427124,0.14552994072437286,0.2176823616027832,0.6901663541793823,0.24269933998584747,0.20340824127197266
Basil_Plant_Unhealthy/IMG_20201217_152557.jpg,Unhealthy,0.6189683079719543,0.6852654218673706,0.6073155999183655,0.21877536177635193,0.2293427437543869,0.7042987942695618,0.2217210978269577,0.27096524834632874
Basil_Plant_Unhealthy/IMG_20201217_151930.jpg,Unhealthy,0.6464096903800964,0.6684876680374146,0.573086142539978,0.18541651964187622,0.19401735067367554,0.6773092746734619,0.21261262893676758,0.24207420647144318
Basil_Plant_Unhealthy/IMG_20201217_151918.jpg,Unhealthy,0.6556726694107056,0.6652889251708984,0.5383990406990051,0.17138519883155823,0.2762053608894348,0.6892080307006836,0.2304379642009735,0.2706264853477478
Basil_Plant_Unhealthy/IMG_20201217_151631.jpg,Unhealthy,0.6794912815093994,0.6851591467857361,0.5895766615867615,0.14103847742080688,0.2061760574579239,0.7031843662261963,0.22321240603923798,0.21219146251678467
Basil_Plant_Unhealthy/IMG_20201217_152021.jpg,Unhealthy,0.5463369488716125,0.6793925762176514,0.4809216260910034,0.21724921464920044,0.41155579686164856,0.6862716674804688,0.2234087437391281,0.32215598225593567
Basil_Plant_Unhealthy/IMG_20201217_151031.jpg,Unhealthy,0.6113434433937073,0.6110131740570068,0.5014485716819763,0.13234290480613708,0.26755475997924805,0.6359556913375854,0.25993239879608154,0.22048558294773102
Basil_Plant_Unhealthy/IMG_20201217_152022.jpg,Unhealthy,0.5498803853988647,0.6567555665969849,0.4851840138435364,0.20369622111320496,0.36698973178863525,0.6651079654693604,0.24410507082939148,0.3064379394054413
Basil_Plant_Unhealthy/IMG_20201217_152424.jpg,Unhealthy,0.6609585881233215,0.6836138963699341,0.5955001711845398,0.1630602478981018,0.22121602296829224,0.7047516703605652,0.25133275985717773,0.2292751520872116
Basil_Plant_Unhealthy/IMG_20201217_112754.jpg,Unhealthy,0.6249923706054688,0.6595904231071472,0.5146312117576599,0.15355300903320312,0.3182693123817444,0.6831294298171997,0.28319939970970154,0.2627958357334137
Basil_Plant_Unhealthy/IMG_20201217_152527.jpg,Unhealthy,0.6501589417457581,0.6698375940322876,0.5768200159072876,0.17711108922958374,0.21681851148605347,0.6895718574523926,0.21679337322711945,0.2216726839542389
Basil_Plant_Unhealthy/IMG_20201217_152112.jpg,Unhealthy,0.5556056499481201,0.7052274942398071,0.539670467376709,0.2225932478904724,0.33826613426208496,0.7129614949226379,0.20478321611881256,0.3107011616230011
Basil_Plant_Unhealthy/IMG_20201217_112801.jpg,Unhealthy,0.5915757417678833,0.6440841555595398,0.4415087103843689,0.15442553162574768,0.4180431365966797,0.6702072024345398,0.2796654999256134,0.31127333641052246
Basil_Plant_Unhealthy/IMG_20201217_151950.jpg,Unhealthy,0.5310537815093994,0.6419481635093689,0.4725183844566345,0.19348955154418945,0.33757448196411133,0.6492857933044434,0.27026745676994324,0.29086753726005554
Basil_Plant_Unhealthy/IMG_20201217_152005.jpg,Unhealthy,0.6073635220527649,0.6657063961029053,0.5348384380340576,0.18062351644039154,0.2553199529647827,0.6743605136871338,0.2167152762413025,0.25245919823646545
Basil_Plant_Unhealthy/IMG_20201217_150757.jpg,Unhealthy,0.6586579084396362,0.6922631859779358,0.5633368492126465,0.1601935774087906,0.24730181694030762,0.7053663730621338,0.22872555255889893,0.20970118045806885
Basil_Plant_Unhealthy/IMG_20201217_152411.jpg,Unhealthy,0.6370519399642944,0.7027899026870728,0.590591549873352,0.1866782307624817,0.25467097759246826,0.717905580997467,0.21325717866420746,0.24841289222240448
Basil_Plant_Unhealthy/IMG_20201217_151135_1.jpg,Unhealthy,0.5748018026351929,0.5431917905807495,0.44493913650512695,0.1099185049533844,0.3259590268135071,0.5897728800773621,0.32803308963775635,0.23902517557144165
Basil_Plant_Unhealthy/IMG_20201217_152219.jpg,Unhealthy,0.6060240268707275,0.594526469707489,0.52685546875,0.2036358118057251,0.2889955937862396,0.6283911466598511,0.2941363751888275,0.2717010974884033
Basil_Plant_Unhealthy/IMG_20201217_152549.jpg,Unhealthy,0.6198768615722656,0.6968309879302979,0.6154699325561523,0.2260507047176361,0.22675415873527527,0.7138298749923706,0.21617956459522247,0.27123144268989563
Basil_Plant_Unhealthy/IMG_20201217_152345.jpg,Unhealthy,0.5643516182899475,0.6515950560569763,0.5448864698410034,0.197879359126091,0.3117131292819977,0.6649816036224365,0.22303928434848785,0.2950916588306427
Basil_Plant_Unhealthy/IMG_20201217_152352.jpg,Unhealthy,0.5649892687797546,0.6916054487228394,0.5577387809753418,0.2115735113620758,0.3565213978290558,0.7028435468673706,0.2090495526790619,0.306153804063797
Basil_Plant_Unhealthy/IMG_20201217_150537.jpg,Unhealthy,0.5995490550994873,0.6015989184379578,0.5147422552108765,0.15044811367988586,0.22957539558410645,0.6190333962440491,0.28068098425865173,0.22724434733390808
Basil_Plant_Unhealthy/IMG_20201217_151705_1.jpg,Unhealthy,0.6308642029762268,0.6210162043571472,0.5374952554702759,0.13080720603466034,0.23020578920841217,0.6458706855773926,0.2609087824821472,0.2235969752073288
Basil_Plant_Unhealthy/IMG_20201217_152146.jpg,Unhealthy,0.6220301389694214,0.6487793326377869,0.5405455231666565,0.1864590346813202,0.24228844046592712,0.6630581617355347,0.234960675239563,0.24739646911621094
Basil_Plant_Unhealthy/IMG_20201217_151942.jpg,Unhealthy,0.5811274647712708,0.6544070243835449,0.4886890947818756,0.1802675873041153,0.3133496046066284,0.6617780923843384,0.22715628147125244,0.29668787121772766
Basil_Plant_Unhealthy/IMG_20201217_150627.jpg,Unhealthy,0.6301853656768799,0.6971335411071777,0.5294950604438782,0.1915777027606964,0.3315047025680542,0.7050838470458984,0.24916242063045502,0.2984336018562317
Basil_Plant_Unhealthy/IMG_20201217_151932.jpg,Unhealthy,0.6494714617729187,0.678950309753418,0.5674182176589966,0.17734497785568237,0.215900257229805,0.686939001083374,0.20701630413532257,0.2615397572517395
Basil_Plant_Unhealthy/IMG_20201217_151911.jpg,Unhealthy,0.6691664457321167,0.6727921962738037,0.5803203582763672,0.18239347636699677,0.21411339938640594,0.6918103098869324,0.22719071805477142,0.24959170818328857
Basil_Plant_Unhealthy/IMG_20201217_152538.jpg,Unhealthy,0.6290603876113892,0.6602519750595093,0.575691282749176,0.19526872038841248,0.23839031159877777,0.6835200786590576,0.21721290051937103,0.24234698712825775
Basil_Plant_Unhealthy/IMG_20201217_151700.jpg,Unhealthy,0.6529852151870728,0.6461291909217834,0.5555797815322876,0.13328684866428375,0.2313786745071411,0.6698452830314636,0.2512083947658539,0.2288001924753189
Basil_Plant_Unhealthy/IMG_20201217_151653.jpg,Unhealthy,0.6267415285110474,0.6284323334693909,0.5545218586921692,0.15212692320346832,0.21670261025428772,0.6501024961471558,0.25319957733154297,0.23212671279907227
Basil_Plant_Unhealthy/IMG_20201217_151122.jpg,Unhealthy,0.6232652068138123,0.5812749266624451,0.5139849781990051,0.10801765322685242,0.2652507424354553,0.6359155178070068,0.30060508847236633,0.22097466886043549
Basil_Plant_Unhealthy/IMG_20201217_152203.jpg,Unhealthy,0.6507343649864197,0.6611615419387817,0.5479769706726074,0.1869838535785675,0.280811071395874,0.6817018985748291,0.2557522654533386,0.27430132031440735
Basil_Plant_Unhealthy/IMG_20201217_112810.jpg,Unhealthy,0.5738788843154907,0.5626876354217529,0.4802457094192505,0.1269311010837555,0.27949827909469604,0.6047219634056091,0.30556607246398926,0.2371388077735901
Basil_Plant_Unhealthy/IMG_20201217_151956.jpg,Unhealthy,0.5240416526794434,0.6514456868171692,0.4673340320587158,0.1957424283027649,0.3646497428417206,0.6602118015289307,0.26989394426345825,0.3053020238876343
Basil_Plant_Unhealthy/IMG_20201217_150631.jpg,Unhealthy,0.5281259417533875,0.6082921624183655,0.45111924409866333,0.18637090921401978,0.3814583420753479,0.6173110008239746,0.28385648131370544,0.2979576587677002
Basil_Plant_Unhealthy/IMG_20201217_151553.jpg,Unhealthy,0.6740330457687378,0.7041168808937073,0.5781019926071167,0.16591590642929077,0.2604588270187378,0.7165929675102234,0.20020239055156708,0.2734006643295288
Basil_Plant_Unhealthy/IMG_20201217_152556.jpg,Unhealthy,0.6141687631607056,0.6875565052032471,0.6085946559906006,0.22461214661598206,0.23201368749141693,0.7051279544830322,0.21981997787952423,0.2741814851760864
