mean_fit_time,std_fit_time,mean_score_time,std_score_time,param_model__max_depth,param_model__min_samples_leaf,param_select__percentile,params,split0_test_f1,split1_test_f1,split2_test_f1,mean_test_f1,std_test_f1,rank_test_f1,split0_train_f1,split1_train_f1,split2_train_f1,mean_train_f1,std_train_f1,split0_test_accuracy,split1_test_accuracy,split2_test_accuracy,mean_test_accuracy,std_test_accuracy,rank_test_accuracy,split0_train_accuracy,split1_train_accuracy,split2_train_accuracy,mean_train_accuracy,std_train_accuracy,split0_test_balanced_accuracy,split1_test_balanced_accuracy,split2_test_balanced_accuracy,mean_test_balanced_accuracy,std_test_balanced_accuracy,rank_test_balanced_accuracy,split0_train_balanced_accuracy,split1_train_balanced_accuracy,split2_train_balanced_accuracy,mean_train_balanced_accuracy,std_train_balanced_accuracy
0.1920307477315267,0.09892518986333396,0.011704444885253906,0.0024026005163109293,3,2,25,"{'model__max_depth': 3, 'model__min_samples_leaf': 2, 'select__percentile': 25}",0.9254708884773477,0.8948903129556166,0.8795756090263633,0.8999789368197758,0.01907904153068065,4,0.9661352329262778,0.9523847376788553,0.9503139643459861,0.9562779783170398,0.007021211997584598,0.9266666666666666,0.8966666666666666,0.882943143812709,0.9020921590486807,0.018257666670572652,4,0.9666110183639399,0.9532554257095158,0.9516666666666667,0.9571777035800407,0.0067018211297704255,0.9280523255813953,0.8960288317693459,0.8770330774853801,0.9003714116120404,0.021053652396331307,4,0.969309622954923,0.9537342838921283,0.9474821612914204,0.9568420227128239,0.00917798275225961
0.5334425767262777,0.08960068440501195,0.02186139424641927,0.005777468290590142,3,2,100,"{'model__max_depth': 3, 'model__min_samples_leaf': 2, 'select__percentile': 100}",0.9254708884773477,0.9014934498805467,0.8762758620689655,0.9010800668089534,0.020085912476215207,3,0.9661352329262778,0.9607945248360155,0.9503139643459861,0.9590812407027598,0.0065716381399353865,0.9266666666666666,0.9033333333333333,0.8795986622073578,0.9031995540691193,0.01921566519993568,3,0.9666110183639399,0.9616026711185309,0.9516666666666667,0.9599601187163792,0.006210576769152735,0.9280523255813953,0.9018767849857201,0.874109100877193,0.9013460704814361,0.022025426462550183,3,0.969309622954923,0.9610229136297377,0.9474821612914204,0.9592715659586938,0.008996663628500368
0.2686273256937663,0.024893886436240457,0.026555220286051433,0.006210040814173325,3,5,25,"{'model__max_depth': 3, 'model__min_samples_leaf': 5, 'select__percentile': 25}",0.9185520361990951,0.8948903129556166,0.866403162055336,0.8932818370700158,0.021320047914601046,8,0.9627184048524353,0.9523847376788553,0.9469467270979575,0.9540166232097493,0.006541342501720824,0.92,0.8966666666666666,0.8695652173913043,0.8954106280193237,0.020609060289256492,8,0.9632721202003339,0.9532554257095158,0.9483333333333334,0.9549536264143943,0.006215826707684968,0.9202398255813953,0.8960288317693459,0.8653371710526316,0.8938686094677909,0.022465904371889032,8,0.9654185723712654,0.9537342838921283,0.9445667093963767,0.9545731885532568,0.008533380266292724
1.1507855256398518,0.37440937703155075,0.1584017276763916,0.19489458214543293,3,5,100,"{'model__max_depth': 3, 'model__min_samples_leaf': 5, 'select__percentile': 100}",0.9185520361990951,0.9048007615939073,0.866403162055336,0.8965853199494461,0.02206802180645965,6,0.9627184048524353,0.9591098368489317,0.9469467270979575,0.9562583229331082,0.006747088434125956,0.92,0.9066666666666666,0.8695652173913043,0.898743961352657,0.02133844369232952,6,0.9632721202003339,0.9599332220367279,0.9483333333333334,0.9571795585234651,0.006402022353528792,0.9202398255813953,0.9048007615939073,0.8653371710526316,0.8967925860759781,0.023118153399737093,6,0.9654185723712654,0.9595651876822158,0.9445667093963767,0.9565168231499527,0.008781398602426755
0.35331567128499347,0.03754436685015806,0.04193965593973795,0.016122673865500606,6,2,25,"{'model__max_depth': 6, 'model__min_samples_leaf': 2, 'select__percentile': 25}",0.9521072796934866,0.9016715830875123,0.8845192657215558,0.9127660428341849,0.028686235793150966,2,0.9931914796881038,0.9897774592122329,0.9728506787330317,0.9852732058777894,0.008893940613290227,0.9533333333333334,0.9033333333333333,0.8862876254180602,0.9143180973615755,0.028452071020485855,2,0.993322203672788,0.989983305509182,0.9733333333333334,0.9855462808384345,0.008742773217863958,0.9503088662790697,0.9028287773697811,0.8868329678362573,0.9133235371617028,0.026955548694077326,2,0.9936685097958905,0.9902628462099126,0.9742373881181154,0.9860562480413062,0.008472060887734337
0.9852758248647054,0.32321408787247263,0.025472640991210938,0.0041736197370499245,6,2,100,"{'model__max_depth': 6, 'model__min_samples_leaf': 2, 'select__percentile': 100}",0.9147485080988917,0.8917748917748918,0.884319526627219,0.8969476421670008,0.012949870998460405,5,0.9965957398440519,0.9931782981049563,0.9898000815993472,0.993191373182785,0.002774331266323598,0.9166666666666666,0.8933333333333333,0.8862876254180602,0.8987625418060201,0.01298277744490891,5,0.996661101836394,0.993322203672788,0.99,0.9933277685030607,0.0027193862842198905,0.9143350290697674,0.8940568475452196,0.8858506944444444,0.8980808570198106,0.011971739471230869,5,0.9970760233918128,0.9931782981049563,0.990278045626255,0.9935107890410079,0.0027852035344144307
0.2890503406524658,0.040497008904859105,0.02309902509053548,0.009021010397486737,6,5,25,"{'model__max_depth': 6, 'model__min_samples_leaf': 5, 'select__percentile': 25}",0.9143825842760762,0.8944992115801296,0.8616631120439645,0.8901816359667234,0.021738089190653488,11,0.9812119155634003,0.9676746847990638,0.9627354442386737,0.9705406815337126,0.007810482320387282,0.9166666666666666,0.8966666666666666,0.862876254180602,0.8920698625046452,0.02219910021049245,11,0.9816360601001669,0.9682804674457429,0.9633333333333334,0.9710832869597477,0.0077304290392537205,0.9123364825581395,0.894124847001224,0.8673474049707602,0.8912695781767078,0.018477350018982656,9,0.9800498327530889,0.9688354136297377,0.9650032330886773,0.9712961598238347,0.006384433894981844
1.0147695541381836,0.1075556691442769,0.04445544878641764,0.01674922766361836,6,5,100,"{'model__max_depth': 6, 'model__min_samples_leaf': 5, 'select__percentile': 100}",0.9317281871557963,0.9046148255813953,0.8360745614035088,0.8908058580469002,0.04025269943880557,9,0.9846279309155093,0.9829457452623906,0.9745589511503594,0.9807108757760865,0.004403942899520807,0.9333333333333333,0.9066666666666666,0.8394648829431438,0.893154960981048,0.03949469278747002,9,0.9849749582637729,0.9833055091819699,0.975,0.9810934891485809,0.004362317622708414,0.9308684593023255,0.9038487692098462,0.8360745614035088,0.8902639299718936,0.039873814820870344,10,0.9834573463490113,0.9829457452623906,0.9761829134099443,0.9808620016737821,0.003315200763507991
0.3933270772298177,0.029926872653366306,0.028966267903645832,0.015178445236823114,,2,25,"{'model__max_depth': None, 'model__min_samples_leaf': 2, 'select__percentile': 25}",0.9521072796934866,0.905452253387961,0.8876208699217549,0.9150601343344009,0.027188941300004616,1,0.9931914796881038,0.9931914796881038,0.9864374597362086,0.9909401397041387,0.0031838755388362634,0.9533333333333334,0.9066666666666666,0.8896321070234113,0.9165440356744704,0.026927475091861327,1,0.993322203672788,0.993322203672788,0.9866666666666667,0.9911036913374143,0.0031374502329775964,0.9503088662790697,0.908608731130151,0.8887746710526316,0.9158974228206175,0.02564446744050077,1,0.9936685097958905,0.9941690962099126,0.9883381924198251,0.9920585994752095,0.0026386509410164715
0.7422764301300049,0.07061469910611722,0.018964211146036785,0.0027012515489481465,,2,100,"{'model__max_depth': None, 'model__min_samples_leaf': 2, 'select__percentile': 100}",0.9147485080988917,0.8917748917748918,0.8808100135533764,0.89577780447572,0.014141495337524302,7,0.9965957398440519,0.9965924864040776,0.9966000271997824,0.9965960844826373,3.0881474253560085e-06,0.9166666666666666,0.8933333333333333,0.882943143812709,0.8976477146042363,0.014101522677436636,7,0.996661101836394,0.996661101836394,0.9966666666666667,0.9966629567798182,2.623286147984337e-06,0.9143350290697674,0.8940568475452196,0.8819444444444444,0.8967787736864773,0.013362738105927188,7,0.9970760233918128,0.9970845481049563,0.9970845481049563,0.9970817065339084,4.018588314291897e-06
0.19111021359761557,0.024394680740084523,0.014358043670654297,0.0018771850248428619,,5,25,"{'model__max_depth': None, 'model__min_samples_leaf': 5, 'select__percentile': 25}",0.9143825842760762,0.8944992115801296,0.8547248053694309,0.8878688670752122,0.02480233520200549,12,0.9812119155634003,0.9676746847990638,0.9627354442386737,0.9705406815337126,0.007810482320387282,0.9166666666666666,0.8966666666666666,0.8561872909698997,0.8898402081010777,0.025158022227226705,12,0.9816360601001669,0.9682804674457429,0.9633333333333334,0.9710832869597477,0.0077304290392537205,0.9123364825581395,0.894124847001224,0.8595349049707602,0.8886654115100412,0.021899097787211795,12,0.9800498327530889,0.9688354136297377,0.9650032330886773,0.9712961598238347,0.006384433894981844
0.4657152493794759,0.042196073244697416,0.009829203287760416,0.0009274506085368305,,5,100,"{'model__max_depth': None, 'model__min_samples_leaf': 5, 'select__percentile': 100}",0.9317281871557963,0.9046148255813953,0.8360745614035088,0.8908058580469002,0.04025269943880557,9,0.9846279309155093,0.9829457452623906,0.9745589511503594,0.9807108757760865,0.004403942899520807,0.9333333333333333,0.9066666666666666,0.8394648829431438,0.893154960981048,0.03949469278747002,9,0.9849749582637729,0.9833055091819699,0.975,0.9810934891485809,0.004362317622708414,0.9308684593023255,0.9038487692098462,0.8360745614035088,0.8902639299718936,0.039873814820870344,10,0.9834573463490113,0.9829457452623906,0.9761829134099443,0.9808620016737821,0.003315200763507991
